,Unnamed: 0,Unnamed: 0.1,species,name1,name2,type1,type2,elo_cuteness,elo_compassion,elo_empathy,elo_memorability,elo_realism,elo_creepy,elo_realisticness,cute,creepy,realistic,memorable,name_x,num_fb,eyes,feathers,hair,head,legs,mouth,nose,scales,size,underwater,eyes_c,feathers_c,hair_c,head_c,legs_c,mouth_c,nose_c,scales_c,size_c,underwater_c,div_time,ganimal_species,num_na,P1,P2,image,name_y,cat_a,cat_b,cat_a_name,cat_b_name,url,is_seed,is_fed,feed_total,ganimal_url,outer_seed,inner_seed
0,817,817,2-31,great white shark,tree frog,fish,reptile,0.0,0.0,0.0,0.0,0.0,0.0,1000.0,,,,,,,0.5,0.0,0.0,0.16666666666666666,0.0,0.4,0.0,0.3333333333333333,0.6666666666666666,1.0,4.0,3.0,5.0,6.0,3.0,5.0,3.0,3.0,6.0,2.0,465.0,2-31,0,0.05082137809431971,0.46914868466522064,,,2,31,"great white shark, white shark, man-eater, man-eating shark, Carcharodon carcharias","tree frog, tree-frog",https://s3.amazonaws.com/ganimals/data/2-31-t0.05-n20.jpg,0,0,0,https://s3.amazonaws.com/ganimals/data/2-31-t0.05-n20.jpg,1,0
1,1157,1157,2-373,great white shark,macaque,fish,mammal,0.0,0.0,0.0,0.0,0.0,-1000.0,1000.0,,,,,,,0.0,0.0,0.0,0.0,0.0,0.2,0.0,0.0,1.0,0.6666666666666666,1.0,2.0,1.0,1.0,3.0,5.0,4.0,1.0,2.0,3.0,465.0,2-373,0,0.4489921972800851,0.20030801896428818,,,2,373,"great white shark, white shark, man-eater, man-eating shark, Carcharodon carcharias",macaque,https://s3.amazonaws.com/ganimals/data/2-373-t0.05-n20.jpg,0,1,0,https://s3.amazonaws.com/ganimals/data/2-373-t0.05-n20.jpg,1,0
2,1220,1220,3-42,tiger shark,agama,fish,reptile,0.0,0.0,0.0,-1000.0,0.0,0.0,1000.0,,,,,,,0.0,0.0,0.0,0.0,0.0,0.0,0.0,1.0,0.6666666666666666,1.0,1.0,1.0,3.0,3.0,1.0,1.0,3.0,3.0,3.0,3.0,465.0,3-42,0,0.45634392095410714,0.42174395549150934,,,3,42,"tiger shark, Galeocerdo cuvieri",agama,https://s3.amazonaws.com/ganimals/data/3-42-t0.05-n20.jpg,0,1,0,https://s3.amazonaws.com/ganimals/data/3-42-t0.05-n20.jpg,1,0
3,1554,1554,3-378,tiger shark,capuchin,fish,mammal,0.0,0.0,0.0,0.0,0.0,3000.0,1000.0,,,,,,,0.0,0.0,0.0,0.0,0.0,0.0,0.0,0.5,0.0,1.0,2.0,2.0,3.0,3.0,2.0,3.0,3.0,2.0,5.0,2.0,465.0,3-378,0,0.6513760397048165,0.6745996552707539,,,3,378,"tiger shark, Galeocerdo cuvieri","capuchin, ringtail, Cebus capucinus",https://s3.amazonaws.com/ganimals/data/3-378-t0.05-n20.jpg,0,1,0,https://s3.amazonaws.com/ganimals/data/3-378-t0.05-n20.jpg,1,0
4,1638,1638,4-71,hammerhead,scorpion,fish,insect,3000.0,0.0,0.0,0.0,0.0,-2000.0,1000.0,,,,,,,0.0,0.0,0.25,0.25,0.0,0.0,0.0,0.14285714285714285,0.75,1.0,2.0,3.0,4.0,4.0,3.0,5.0,2.0,7.0,4.0,1.0,736.0,4-71,0,0.46000173286717233,0.11184260941942988,,,4,71,"hammerhead, hammerhead shark",scorpion,https://s3.amazonaws.com/ganimals/data/4-71-t0.05-n20.jpg,0,0,0,https://s3.amazonaws.com/ganimals/data/4-71-t0.05-n20.jpg,1,0
5,1655,1655,4-88,hammerhead,macaw,fish,bird,-1000.0,0.0,0.0,-1000.0,0.0,0.0,1000.0,,,,,rainbo ness,,0.5,0.0,0.0,0.0,0.5,0.0,0.0,0.0,0.25,1.0,2.0,1.0,1.0,2.0,2.0,3.0,2.0,2.0,4.0,5.0,465.0,4-88,0,0.5202098506695522,0.3650503142186563,,rainbo ness,4,88,"hammerhead, hammerhead shark",macaw,https://s3.amazonaws.com/ganimals/data/4-88-t0.05-n20.jpg,1,0,0,https://s3.amazonaws.com/ganimals/data/4-88-t0.05-n20.jpg,1,0
6,1955,1955,4-388,hammerhead,giant panda,fish,mammal,0.0,0.0,0.0,0.0,0.0,-3000.0,1000.0,,,,,,,0.3333333333333333,0.0,0.0,0.0,0.0,0.3333333333333333,0.2,0.0,0.0,1.0,3.0,2.0,3.0,2.0,2.0,3.0,5.0,4.0,1.0,3.0,465.0,4-388,0,0.31520159014170346,0.6898746506383027,,,4,388,"hammerhead, hammerhead shark","giant panda, panda, panda bear, coon bear, Ailuropoda melanoleuca",https://s3.amazonaws.com/ganimals/data/4-388-t0.05-n20.jpg,0,0,0,https://s3.amazonaws.com/ganimals/data/4-388-t0.05-n20.jpg,1,0
7,2244,2244,5-287,electric ray,lynx,fish,mammal,0.0,0.0,0.0,0.0,1000.0,0.0,1000.0,,,,,,,0.0,0.0,0.5,0.25,0.0,0.0,0.0,0.0,1.0,1.0,2.0,3.0,2.0,4.0,2.0,1.0,1.0,2.0,2.0,1.0,465.0,5-287,0,0.39937762870146415,-0.13167845435841524,,,5,287,"electric ray, crampfish, numbfish, torpedo","lynx, catamount",https://s3.amazonaws.com/ganimals/data/5-287-t0.05-n20.jpg,0,1,0,https://s3.amazonaws.com/ganimals/data/5-287-t0.05-n20.jpg,1,0
8,2973,2973,7-239,cock,Bernese mountain dog,bird,dog,0.0,1000.0,0.0,0.0,0.0,0.0,1000.0,,,,,,,1.0,0.0,1.0,0.75,0.6666666666666666,1.0,1.0,0.0,1.0,0.0,3.0,3.0,2.0,4.0,3.0,1.0,3.0,1.0,2.0,1.0,318.0,7-239,0,-1.2082341126339053,-0.6979018428435008,,,7,239,cock,Bernese mountain dog,https://s3.amazonaws.com/ganimals/data/7-239-t0.05-n20.jpg,0,1,0,https://s3.amazonaws.com/ganimals/data/7-239-t0.05-n20.jpg,1,0
9,3113,3113,7-379,cock,howler monkey,bird,mammal,1000.0,0.0,0.0,0.0,1000.0,0.0,1000.0,,,,,,,0.16666666666666666,0.0,1.0,0.25,0.0,0.0,0.0,0.0,0.0,0.0,6.0,1.0,2.0,4.0,1.0,3.0,1.0,4.0,1.0,1.0,318.0,7-379,0,0.2968652522458848,0.03634982598717034,,,7,379,cock,"howler monkey, howler",https://s3.amazonaws.com/ganimals/data/7-379-t0.05-n20.jpg,0,0,0,https://s3.amazonaws.com/ganimals/data/7-379-t0.05-n20.jpg,1,0
10,3727,3727,9-220,ostrich,Sussex spaniel,bird,dog,-1000.0,0.0,0.0,0.0,0.0,-1000.0,1000.0,,,,,,,0.3333333333333333,0.5,0.0,0.75,0.0,0.0,0.0,0.0,1.0,0.0,3.0,2.0,1.0,4.0,1.0,1.0,2.0,1.0,2.0,2.0,318.0,9-220,0,0.15617024843570226,-0.3048540394585222,,,9,220,"ostrich, Struthio camelus",Sussex spaniel,https://s3.amazonaws.com/ganimals/data/9-220-t0.05-n20.jpg,0,0,0,https://s3.amazonaws.com/ganimals/data/9-220-t0.05-n20.jpg,1,0
11,3921,3921,10-27,brambling,eft,bird,reptile,0.0,0.0,0.0,0.0,0.0,0.0,1000.0,,,,,,,0.0,0.0,0.0,0.0,0.6666666666666666,0.0,0.0,0.0,0.0,0.0,4.0,3.0,1.0,1.0,3.0,3.0,1.0,4.0,6.0,3.0,351.0,10-27,0,0.7977944620931932,0.3203482632338019,,,10,27,"brambling, Fringilla montifringilla",eft,https://s3.amazonaws.com/ganimals/data/10-27-t0.05-n20.jpg,0,0,0,https://s3.amazonaws.com/ganimals/data/10-27-t0.05-n20.jpg,1,0
12,3974,3974,10-82,brambling,ruffed grouse,bird,bird,0.0,0.0,0.0,0.0,0.0,0.0,1000.0,,,,,,,0.4,1.0,0.0,0.0,0.0,0.0,1.0,0.0,0.0,0.0,5.0,1.0,3.0,1.0,1.0,2.0,1.0,3.0,1.0,5.0,92.0,10-82,0,0.2382994923429366,-0.16265644478892674,,,10,82,"brambling, Fringilla montifringilla","ruffed grouse, partridge, Bonasa umbellus",https://s3.amazonaws.com/ganimals/data/10-82-t0.05-n20.jpg,0,0,0,https://s3.amazonaws.com/ganimals/data/10-82-t0.05-n20.jpg,1,0
13,4189,4189,10-297,brambling,sloth bear,bird,mammal,0.0,0.0,1000.0,0.0,0.0,-1000.0,1000.0,,,,,,,1.0,0.0,1.0,0.6666666666666666,0.0,0.0,0.0,0.0,0.0,0.0,2.0,1.0,4.0,3.0,1.0,4.0,4.0,3.0,1.0,2.0,318.0,10-297,0,-0.3191652783073625,-0.026858658872186508,,,10,297,"brambling, Fringilla montifringilla","sloth bear, Melursus ursinus, Ursus ursinus",https://s3.amazonaws.com/ganimals/data/10-297-t0.05-n20.jpg,0,1,0,https://s3.amazonaws.com/ganimals/data/10-297-t0.05-n20.jpg,1,0
14,4644,4644,11-368,goldfinch,gibbon,bird,mammal,-1000.0,0.0,-1000.0,0.0,1000.0,0.0,1000.0,,,,,,,0.5,1.0,0.0,0.8,0.5,0.0,0.0,0.0,0.0,0.0,2.0,1.0,1.0,5.0,2.0,2.0,1.0,1.0,2.0,5.0,318.0,11-368,0,0.4462865827832378,-0.22117044384099419,,,11,368,"goldfinch, Carduelis carduelis","gibbon, Hylobates lar",https://s3.amazonaws.com/ganimals/data/11-368-t0.05-n20.jpg,0,1,0,https://s3.amazonaws.com/ganimals/data/11-368-t0.05-n20.jpg,1,0
15,4700,4700,12-39,house finch,common iguana,bird,reptile,0.0,0.0,0.0,0.0,0.0,0.0,1000.0,,,,,,,0.5,0.2857142857142857,0.0,0.0,0.0,0.2,0.0,0.0,0.0,0.0,2.0,7.0,4.0,1.0,1.0,5.0,3.0,1.0,2.0,4.0,282.0,12-39,0,0.3372904061830888,0.5179396727936357,,,12,39,"house finch, linnet, Carpodacus mexicanus","common iguana, iguana, Iguana iguana",https://s3.amazonaws.com/ganimals/data/12-39-t0.05-n20.jpg,0,1,0,https://s3.amazonaws.com/ganimals/data/12-39-t0.05-n20.jpg,1,0
16,5011,5011,12-352,house finch,impala,bird,mammal,0.0,0.0,0.0,0.0,0.0,0.0,1000.0,,,,,,,0.25,0.75,0.0,0.5,0.6666666666666666,0.0,0.4,0.0,0.0,0.0,4.0,4.0,4.0,4.0,3.0,2.0,5.0,1.0,3.0,1.0,318.0,12-352,0,0.5025922284956813,-0.23175839218734842,,,12,352,"house finch, linnet, Carpodacus mexicanus","impala, Aepyceros melampus",https://s3.amazonaws.com/ganimals/data/12-352-t0.05-n20.jpg,0,0,0,https://s3.amazonaws.com/ganimals/data/12-352-t0.05-n20.jpg,1,0
17,5183,5183,13-142,junco,dowitcher,bird,bird,-3000.0,0.0,0.0,0.0,0.0,0.0,1000.0,,,,,,,1.0,0.0,0.0,1.0,0.0,0.0,0.5,0.0,0.0,0.0,1.0,2.0,1.0,3.0,1.0,1.0,2.0,3.0,2.0,2.0,80.0,13-142,0,-0.4661750642562814,0.1815912476896508,,,13,142,"junco, snowbird",dowitcher,https://s3.amazonaws.com/ganimals/data/13-142-t0.05-n20.jpg,0,1,0,https://s3.amazonaws.com/ganimals/data/13-142-t0.05-n20.jpg,1,0
18,5384,5384,13-343,junco,warthog,bird,mammal,0.0,0.0,0.0,0.0,0.0,0.0,1000.0,,,,,,,0.2,1.0,0.0,0.0,0.6666666666666666,0.0,0.0,0.0,0.0,0.0,5.0,2.0,2.0,4.0,3.0,4.0,2.0,2.0,1.0,1.0,318.0,13-343,0,0.9201584397586322,-0.0853684078782223,,,13,343,"junco, snowbird",warthog,https://s3.amazonaws.com/ganimals/data/13-343-t0.05-n20.jpg,0,1,0,https://s3.amazonaws.com/ganimals/data/13-343-t0.05-n20.jpg,1,0
19,5471,5471,14-47,indigo bunting,African chameleon,bird,reptile,-1000.0,0.0,2000.0,0.0,0.0,0.0,1000.0,,,,,,,0.2,1.0,0.0,0.0,0.0,0.0,0.0,0.0,0.0,0.0,5.0,1.0,2.0,1.0,2.0,3.0,1.0,2.0,2.0,2.0,282.0,14-47,0,0.7662004371892787,0.1358302483400237,,,14,47,"indigo bunting, indigo finch, indigo bird, Passerina cyanea","African chameleon, Chamaeleo chamaeleon",https://s3.amazonaws.com/ganimals/data/14-47-t0.05-n20.jpg,0,0,0,https://s3.amazonaws.com/ganimals/data/14-47-t0.05-n20.jpg,1,0
20,5867,5867,15-64,robin,green mamba,bird,reptile,0.0,0.0,1000.0,0.0,-2000.0,-1000.0,1000.0,,,,,,,0.3333333333333333,1.0,0.0,0.3333333333333333,0.5,0.0,0.0,0.0,0.0,0.0,3.0,2.0,3.0,3.0,2.0,3.0,3.0,2.0,2.0,3.0,282.0,15-64,0,0.6954686222959232,-0.10924739184955372,,,15,64,"robin, American robin, Turdus migratorius",green mamba,https://s3.amazonaws.com/ganimals/data/15-64-t0.05-n20.jpg,0,0,0,https://s3.amazonaws.com/ganimals/data/15-64-t0.05-n20.jpg,1,0
21,6240,6240,16-58,bulbul,water snake,bird,reptile,0.0,0.0,0.0,0.0,0.0,0.0,1000.0,,,,,,,0.2,0.25,0.0,0.3333333333333333,0.0,0.5,0.0,0.0,0.0,0.0,5.0,4.0,1.0,3.0,2.0,4.0,2.0,3.0,2.0,2.0,282.0,16-58,0,0.2613959540559416,0.5332175737634275,,,16,58,bulbul,water snake,https://s3.amazonaws.com/ganimals/data/16-58-t0.05-n20.jpg,0,0,0,https://s3.amazonaws.com/ganimals/data/16-58-t0.05-n20.jpg,1,0
22,6768,6768,17-209,jay,Chesapeake Bay retriever,bird,dog,0.0,-1000.0,0.0,0.0,-1000.0,0.0,1000.0,,,,,,,0.0,0.0,0.0,0.75,0.0,1.0,0.0,0.0,0.25,0.0,1.0,2.0,2.0,4.0,2.0,2.0,1.0,2.0,4.0,3.0,318.0,17-209,0,-0.07919292731782683,0.5746159433430916,,,17,209,jay,Chesapeake Bay retriever,https://s3.amazonaws.com/ganimals/data/17-209-t0.05-n20.jpg,0,0,0,https://s3.amazonaws.com/ganimals/data/17-209-t0.05-n20.jpg,1,0
23,7117,7117,18-181,magpie,Bedlington terrier,bird,dog,-2000.0,0.0,-2000.0,0.0,0.0,0.0,1000.0,,,,,,,0.3333333333333333,0.3333333333333333,0.4,0.5,1.0,0.2,0.0,0.0,0.0,0.0,6.0,3.0,5.0,2.0,2.0,5.0,2.0,2.0,6.0,4.0,318.0,18-181,0,0.4434361128854456,-0.1518835409582566,,,18,181,magpie,Bedlington terrier,https://s3.amazonaws.com/ganimals/data/18-181-t0.05-n20.jpg,0,0,0,https://s3.amazonaws.com/ganimals/data/18-181-t0.05-n20.jpg,1,0
24,7642,7642,19-330,chickadee,wood rabbit,bird,mammal,0.0,0.0,0.0,0.0,0.0,0.0,1000.0,,,,,jonas the skybreaker,,0.0,1.0,0.5,1.0,0.0,0.0,0.0,0.0,0.0,0.0,2.0,1.0,4.0,2.0,2.0,3.0,1.0,1.0,3.0,1.0,318.0,19-330,0,0.46805512969822294,-0.358588833374743,,jonas the skybreaker,19,330,chickadee,"wood rabbit, cottontail, cottontail rabbit",https://s3.amazonaws.com/ganimals/data/19-330-t0.05-n20.jpg,1,0,0,https://s3.amazonaws.com/ganimals/data/19-330-t0.05-n20.jpg,1,0
25,7733,7733,20-44,water ouzel,alligator lizard,bird,reptile,0.0,0.0,0.0,-1000.0,0.0,0.0,1000.0,,,,,,,0.0,0.5,0.0,0.25,1.0,0.0,0.0,0.0,0.0,0.25,2.0,2.0,2.0,4.0,1.0,2.0,3.0,4.0,1.0,4.0,282.0,20-44,0,0.933894596265268,-0.043714755566334425,,,20,44,"water ouzel, dipper",alligator lizard,https://s3.amazonaws.com/ganimals/data/20-44-t0.05-n20.jpg,0,0,0,https://s3.amazonaws.com/ganimals/data/20-44-t0.05-n20.jpg,1,0
26,8170,8170,21-109,kite,brain coral,bird,fish,-1000.0,0.0,0.0,0.0,0.0,0.0,1000.0,,,,,,,0.0,0.0,0.0,0.0,0.0,0.0,0.0,0.0,0.4,1.0,3.0,4.0,1.0,7.0,1.0,1.0,2.0,1.0,5.0,2.0,687.0,21-109,0,0.6669676245592046,0.43485356008573406,,,21,109,kite,brain coral,https://s3.amazonaws.com/ganimals/data/21-109-t0.05-n20.jpg,0,1,0,https://s3.amazonaws.com/ganimals/data/21-109-t0.05-n20.jpg,1,0
27,8442,8442,21-381,kite,spider monkey,bird,mammal,0.0,2000.0,0.0,-1000.0,0.0,0.0,1000.0,,,,,furtoon,,1.0,1.0,0.0,0.75,0.6,0.3333333333333333,0.0,0.0,0.0,0.5,4.0,3.0,1.0,4.0,5.0,3.0,3.0,3.0,3.0,2.0,318.0,21-381,0,0.09872972191613943,-0.0613044915716217,,jeyesko,21,381,kite,"spider monkey, Ateles geoffroyi",https://s3.amazonaws.com/ganimals/data/21-381-t0.05-n20.jpg,1,1,0,https://s3.amazonaws.com/ganimals/data/21-381-t0.05-n20.jpg,1,1
28,8802,8802,22-368,bald eagle,gibbon,bird,mammal,0.0,1000.0,1000.0,0.0,0.0,1000.0,1000.0,,,,,,,0.0,0.0,1.0,0.6,0.3333333333333333,0.0,0.0,0.0,0.25,0.0,2.0,2.0,3.0,5.0,3.0,2.0,1.0,3.0,4.0,6.0,318.0,22-368,0,0.3125864076200026,-0.289292447823474,,,22,368,"bald eagle, American eagle, Haliaeetus leucocephalus","gibbon, Hylobates lar",https://s3.amazonaws.com/ganimals/data/22-368-t0.05-n20.jpg,0,0,0,https://s3.amazonaws.com/ganimals/data/22-368-t0.05-n20.jpg,1,0
29,8844,8844,23-36,vulture,terrapin,bird,reptile,0.0,0.0,0.0,-2000.0,0.0,0.0,1000.0,,,,,,,0.2,0.0,0.0,0.0,0.5,0.0,0.0,0.0,0.25,0.0,5.0,2.0,1.0,4.0,2.0,2.0,1.0,2.0,4.0,5.0,25.0,23-36,0,0.6022645459605692,0.27092382914551677,,,23,36,vulture,terrapin,https://s3.amazonaws.com/ganimals/data/23-36-t0.05-n20.jpg,0,1,0,https://s3.amazonaws.com/ganimals/data/23-36-t0.05-n20.jpg,1,0
30,9058,9058,23-252,vulture,affenpinscher,bird,dog,-1000.0,0.0,1000.0,0.0,1000.0,0.0,1000.0,,,,,,,0.75,0.0,1.0,1.0,0.16666666666666666,1.0,1.0,0.0,1.0,0.0,8.0,5.0,2.0,1.0,6.0,3.0,2.0,4.0,1.0,5.0,318.0,23-252,0,-1.262130781549112,-0.6101633699150659,,,23,252,vulture,"affenpinscher, monkey pinscher, monkey dog",https://s3.amazonaws.com/ganimals/data/23-252-t0.05-n20.jpg,0,1,0,https://s3.amazonaws.com/ganimals/data/23-252-t0.05-n20.jpg,1,0
31,9365,9365,24-188,great grey owl,wire-haired fox terrier,bird,dog,0.0,-2000.0,0.0,-999.3418665813342,-1000.0,0.0,1000.0,3.0,1.6,2.2,1.8,,5.0,0.75,0.0,1.0,1.0,0.5,0.5,1.0,0.0,1.0,0.0,4.0,1.0,1.0,5.0,2.0,2.0,4.0,3.0,5.0,1.0,318.0,24-188,0,-0.9679026005637429,-0.8921470475101421,,oscoon,24,188,"great grey owl, great gray owl, Strix nebulosa",wire-haired fox terrier,https://s3.amazonaws.com/ganimals/data/24-188-t0.05-n20.jpg,1,1,0,https://s3.amazonaws.com/ganimals/data/24-188-t0.05-n20.jpg,1,1
32,9487,9487,24-310,great grey owl,ant,bird,insect,-1000.0,0.0,0.0,0.0,0.0,0.0,1000.0,,,,,,,0.5,0.6666666666666666,0.0,1.0,0.0,0.0,0.3333333333333333,0.0,0.0,0.0,4.0,3.0,1.0,2.0,1.0,1.0,3.0,3.0,2.0,6.0,736.0,24-310,0,0.048336532736740496,-0.07132709351924864,,,24,310,"great grey owl, great gray owl, Strix nebulosa","ant, emmet, pismire",https://s3.amazonaws.com/ganimals/data/24-310-t0.05-n20.jpg,0,1,0,https://s3.amazonaws.com/ganimals/data/24-310-t0.05-n20.jpg,1,0
33,9508,9508,24-331,great grey owl,hare,bird,mammal,0.0,0.0,2000.0,0.0,0.0,1000.0,1000.0,,,,,,,0.6666666666666666,1.0,0.3333333333333333,1.0,0.0,0.0,0.5,0.25,0.0,0.0,3.0,1.0,3.0,2.0,1.0,4.0,2.0,4.0,4.0,1.0,736.0,24-331,0,-0.134958856904669,-0.3750236025116568,,,24,331,"great grey owl, great gray owl, Strix nebulosa",hare,https://s3.amazonaws.com/ganimals/data/24-331-t0.05-n20.jpg,0,0,0,https://s3.amazonaws.com/ganimals/data/24-331-t0.05-n20.jpg,1,0
34,9599,9599,25-50,European fire salamander,American alligator,reptile,reptile,0.0,0.0,0.0,0.0,0.0,0.0,1000.0,1.0,1.0,4.0,2.0,,1.0,0.0,0.0,0.0,0.0,0.0,0.0,0.0,0.0,0.0,0.0,3.0,2.0,1.0,2.0,6.0,1.0,4.0,1.0,2.0,2.0,351.0,25-50,0,0.6438364595238396,0.5415469194520479,,stikstak,25,50,"European fire salamander, Salamandra salamandra","American alligator, Alligator mississipiensis",https://s3.amazonaws.com/ganimals/data/25-50-t0.05-n20.jpg,1,1,0,https://s3.amazonaws.com/ganimals/data/25-50-t0.05-n20.jpg,1,1
35,10024,10024,26-108,common newt,sea anemone,reptile,fish,0.0,0.0,0.0,2000.0,0.0,0.0,0.0,,,,,,,0.0,0.0,0.0,0.0,0.3333333333333333,0.4,0.0,0.0,0.25,0.0,3.0,1.0,2.0,4.0,3.0,5.0,3.0,1.0,4.0,2.0,1275.0,26-108,0,0.504959741916012,0.4526015252369381,,,26,108,"common newt, Triturus vulgaris","sea anemone, anemone",https://s3.amazonaws.com/ganimals/data/26-108-t0.05-n20.jpg,0,0,0,https://s3.amazonaws.com/ganimals/data/26-108-t0.05-n20.jpg,1,0
36,10858,10858,28-207,spotted salamander,golden retriever,reptile,dog,0.0,0.0,0.0,1000.0,0.0,0.0,1000.0,,,,,,,1.0,0.0,0.0,0.5,0.0,0.5,0.6666666666666666,0.0,1.0,0.0,1.0,1.0,2.0,4.0,4.0,2.0,3.0,2.0,2.0,5.0,351.0,28-207,0,-0.7561527936938888,-0.030877189459460424,,,28,207,"spotted salamander, Ambystoma maculatum",golden retriever,https://s3.amazonaws.com/ganimals/data/28-207-t0.05-n20.jpg,0,1,0,https://s3.amazonaws.com/ganimals/data/28-207-t0.05-n20.jpg,1,0
37,11854,11854,31-108,tree frog,sea anemone,reptile,fish,1000.0,0.0,0.0,1000.0,0.0,0.0,1000.0,,,,,,,0.0,0.0,0.0,0.0,0.0,0.0,0.0,0.2857142857142857,0.0,1.0,1.0,3.0,2.0,3.0,4.0,2.0,1.0,7.0,4.0,2.0,1275.0,31-108,0,0.6868968047328916,0.651019474382145,,,31,108,"tree frog, tree-frog","sea anemone, anemone",https://s3.amazonaws.com/ganimals/data/31-108-t0.05-n20.jpg,0,1,0,https://s3.amazonaws.com/ganimals/data/31-108-t0.05-n20.jpg,1,0
38,11865,11865,31-119,tree frog,rock crab,reptile,crustacean,0.0,0.0,0.0,0.0,0.0,0.0,1000.0,,,,,,,0.5,0.0,0.0,0.0,1.0,0.0,0.0,0.0,0.0,0.5,2.0,4.0,2.0,2.0,1.0,3.0,2.0,3.0,3.0,2.0,736.0,31-119,0,0.6325240451052748,0.2755887108770786,,,31,119,"tree frog, tree-frog","rock crab, Cancer irroratus",https://s3.amazonaws.com/ganimals/data/31-119-t0.05-n20.jpg,0,1,0,https://s3.amazonaws.com/ganimals/data/31-119-t0.05-n20.jpg,1,0
39,12757,12757,33-286,loggerhead,cougar,reptile,mammal,0.0,1000.0,0.0,0.0,0.0,0.0,1000.0,,,,,,,0.5,0.0,0.0,0.3333333333333333,0.0,0.5,0.3333333333333333,0.0,0.6666666666666666,1.0,2.0,2.0,1.0,3.0,1.0,2.0,3.0,1.0,3.0,2.0,318.0,33-286,0,-0.129785047588889,0.32050741975626573,,,33,286,"loggerhead, loggerhead turtle, Caretta caretta","cougar, puma, catamount, mountain lion, painter, panther, Felis concolor",https://s3.amazonaws.com/ganimals/data/33-286-t0.05-n20.jpg,0,0,0,https://s3.amazonaws.com/ganimals/data/33-286-t0.05-n20.jpg,1,0
40,12791,12791,33-320,loggerhead,damselfly,reptile,insect,0.0,0.0,0.0,0.0,0.0,-1000.0,1000.0,,,,,,,0.0,0.0,0.0,0.0,0.5,0.0,0.0,0.0,0.0,0.3333333333333333,4.0,1.0,1.0,2.0,2.0,3.0,1.0,1.0,4.0,3.0,736.0,33-320,0,0.7894454165330166,0.40165869853679187,,,33,320,"loggerhead, loggerhead turtle, Caretta caretta",damselfly,https://s3.amazonaws.com/ganimals/data/33-320-t0.05-n20.jpg,0,1,0,https://s3.amazonaws.com/ganimals/data/33-320-t0.05-n20.jpg,1,0
41,12795,12795,33-324,loggerhead,cabbage butterfly,reptile,insect,0.0,1000.0,-2000.0,0.0,1000.0,0.0,1000.0,,,,,,,0.0,0.0,0.0,0.0,0.0,0.0,0.0,0.0,0.0,0.75,3.0,2.0,2.0,5.0,2.0,3.0,4.0,2.0,2.0,4.0,736.0,33-324,0,0.7116524834587037,0.6000711547610118,,,33,324,"loggerhead, loggerhead turtle, Caretta caretta",cabbage butterfly,https://s3.amazonaws.com/ganimals/data/33-324-t0.05-n20.jpg,0,1,0,https://s3.amazonaws.com/ganimals/data/33-324-t0.05-n20.jpg,1,0
42,12826,12826,33-355,loggerhead,llama,reptile,mammal,0.0,0.0,0.0,0.0,0.0,0.0,1000.0,,,,,,,0.0,0.0,0.5,1.0,0.0,0.5,0.0,0.0,1.0,0.0,2.0,2.0,4.0,2.0,4.0,2.0,3.0,3.0,1.0,2.0,318.0,33-355,0,-0.15476756855404505,-0.23257254800386065,,,33,355,"loggerhead, loggerhead turtle, Caretta caretta",llama,https://s3.amazonaws.com/ganimals/data/33-355-t0.05-n20.jpg,0,0,0,https://s3.amazonaws.com/ganimals/data/33-355-t0.05-n20.jpg,1,0
43,13124,13124,34-292,leatherback turtle,tiger,reptile,mammal,0.0,0.0,0.0,0.0,0.0,1000.0,1000.0,,,,,furtoon,,0.3333333333333333,0.0,0.5,0.6666666666666666,0.75,0.5,0.5,0.0,0.6666666666666666,0.0,3.0,1.0,4.0,3.0,4.0,4.0,2.0,1.0,3.0,5.0,318.0,34-292,0,-0.21404387841400332,-0.3778770200164819,,staggon,34,292,"leatherback turtle, leatherback, leathery turtle, Dermochelys coriacea","tiger, Panthera tigris",https://s3.amazonaws.com/ganimals/data/34-292-t0.05-n20.jpg,1,1,0,https://s3.amazonaws.com/ganimals/data/34-292-t0.05-n20.jpg,1,1
44,13219,13219,34-387,leatherback turtle,lesser panda,reptile,mammal,0.0,0.0,0.0,0.0,1000.0,0.0,1000.0,,,,,,,0.0,0.0,1.0,0.6666666666666666,1.0,0.4,0.25,0.0,0.0,0.0,1.0,1.0,1.0,3.0,1.0,5.0,4.0,2.0,1.0,2.0,318.0,34-387,0,0.20966335745578804,-0.35250043654052027,,,34,387,"leatherback turtle, leatherback, leathery turtle, Dermochelys coriacea","lesser panda, red panda, panda, bear cat, cat bear, Ailurus fulgens",https://s3.amazonaws.com/ganimals/data/34-387-t0.05-n20.jpg,0,1,0,https://s3.amazonaws.com/ganimals/data/34-387-t0.05-n20.jpg,1,0
45,13700,13700,36-149,terrapin,dugong,reptile,bird,0.0,1000.0,-1000.0,0.0,1000.0,0.0,1000.0,,,,,,,0.0,0.0,0.0,0.0,0.0,0.0,0.0,0.0,0.5,1.0,2.0,2.0,2.0,3.0,3.0,1.0,2.0,3.0,4.0,1.0,318.0,36-149,0,0.6501450745064244,0.38867214180783427,,,36,149,terrapin,"dugong, Dugong dugon",https://s3.amazonaws.com/ganimals/data/36-149-t0.05-n20.jpg,0,1,0,https://s3.amazonaws.com/ganimals/data/36-149-t0.05-n20.jpg,1,0
46,13834,13834,36-283,terrapin,Persian cat,reptile,mammal,0.0,0.0,0.0,-2000.0,0.0,0.0,1000.0,,,,,,,0.3333333333333333,0.0,0.0,0.5,0.0,0.0,0.0,0.0,0.3333333333333333,0.0,3.0,1.0,1.0,2.0,1.0,2.0,1.0,3.0,3.0,4.0,318.0,36-283,0,0.23180479054512643,0.27599385152147776,,,36,283,terrapin,Persian cat,https://s3.amazonaws.com/ganimals/data/36-283-t0.05-n20.jpg,0,0,0,https://s3.amazonaws.com/ganimals/data/36-283-t0.05-n20.jpg,1,0
47,14039,14039,37-130,box turtle,flamingo,reptile,bird,-1000.0,0.0,0.0,1000.0,0.0,0.0,1000.0,,,,,shroomingo,,0.0,0.0,0.0,0.3333333333333333,0.0,0.0,0.0,0.0,0.0,0.0,2.0,1.0,4.0,3.0,1.0,5.0,4.0,1.0,2.0,1.0,262.0,37-130,0,0.5342921696090258,0.4552153063915531,,shroomingo,37,130,"box turtle, box tortoise",flamingo,https://s3.amazonaws.com/ganimals/data/37-130-t0.05-n20.jpg,1,0,0,https://s3.amazonaws.com/ganimals/data/37-130-t0.05-n20.jpg,1,0
48,14175,14175,37-266,box turtle,miniature poodle,reptile,dog,0.0,-1000.0,-1000.0,3000.0,1000.0,0.0,1000.0,,,,,,,0.0,0.0,0.6,0.0,0.5,0.0,0.0,0.0,0.0,0.0,1.0,4.0,5.0,5.0,2.0,2.0,3.0,1.0,3.0,4.0,318.0,37-266,0,0.6579091877249157,0.10601417331070807,,,37,266,"box turtle, box tortoise",miniature poodle,https://s3.amazonaws.com/ganimals/data/37-266-t0.05-n20.jpg,0,1,0,https://s3.amazonaws.com/ganimals/data/37-266-t0.05-n20.jpg,1,0
49,14730,14730,39-108,common iguana,sea anemone,reptile,fish,0.0,0.0,1792.5339234129126,1000.0,-1000.0,-1000.0,1000.0,,,,,,,0.0,0.0,0.0,0.0,0.0,0.0,0.0,0.0,0.0,0.75,2.0,2.0,2.0,3.0,2.0,3.0,1.0,1.0,2.0,4.0,1275.0,39-108,0,0.7116524834587037,0.6000711547610118,,,39,108,"common iguana, iguana, Iguana iguana","sea anemone, anemone",https://s3.amazonaws.com/ganimals/data/39-108-t0.05-n20.jpg,0,0,0,https://s3.amazonaws.com/ganimals/data/39-108-t0.05-n20.jpg,1,0
50,15476,15476,41-145,whiptail,king penguin,reptile,bird,0.0,0.0,0.0,0.0,0.0,0.0,1000.0,,,,,geopenguin,,0.0,0.8,0.0,1.0,0.5,0.0,1.0,0.0,0.0,0.0,1.0,5.0,4.0,3.0,2.0,1.0,2.0,1.0,3.0,4.0,282.0,41-145,0,0.20763360163742559,-0.525719947505116,,geopenguin,41,145,"whiptail, whiptail lizard","king penguin, Aptenodytes patagonica",https://s3.amazonaws.com/ganimals/data/41-145-t0.05-n20.jpg,1,0,0,https://s3.amazonaws.com/ganimals/data/41-145-t0.05-n20.jpg,1,0
51,16002,16002,42-318,agama,lacewing,reptile,insect,0.0,0.0,0.0,0.0,0.0,0.0,1000.0,,,,,,,0.0,0.0,0.0,1.0,0.0,0.0,0.0,0.0,0.0,0.0,2.0,4.0,2.0,2.0,2.0,1.0,1.0,4.0,2.0,6.0,736.0,42-318,0,0.31520358977939794,0.2825520802705634,,,42,318,agama,"lacewing, lacewing fly",https://s3.amazonaws.com/ganimals/data/42-318-t0.05-n20.jpg,0,0,0,https://s3.amazonaws.com/ganimals/data/42-318-t0.05-n20.jpg,1,0
52,16057,16057,42-373,agama,macaque,reptile,mammal,0.0,2000.0,0.0,0.0,0.0,0.0,1000.0,,,,,,,0.0,0.0,1.0,0.0,0.6666666666666666,0.0,0.0,0.0,0.0,0.0,4.0,5.0,2.0,2.0,3.0,3.0,2.0,2.0,4.0,1.0,318.0,42-373,0,0.6288015058832948,-0.1290413267289569,,,42,373,agama,macaque,https://s3.amazonaws.com/ganimals/data/42-373-t0.05-n20.jpg,0,0,0,https://s3.amazonaws.com/ganimals/data/42-373-t0.05-n20.jpg,1,0
53,16431,16431,43-395,frilled lizard,gar,reptile,fish,0.0,0.0,0.0,0.0,0.0,1000.0,1000.0,,,,,,,0.0,0.0,0.0,0.0,0.0,0.0,0.0,0.0,0.0,1.0,3.0,1.0,2.0,4.0,5.0,3.0,2.0,4.0,2.0,4.0,433.0,43-395,0,0.7342578247703251,0.6195792331973332,,,43,395,"frilled lizard, Chlamydosaurus kingi","gar, garfish, garpike, billfish, Lepisosteus osseus",https://s3.amazonaws.com/ganimals/data/43-395-t0.05-n20.jpg,0,1,0,https://s3.amazonaws.com/ganimals/data/43-395-t0.05-n20.jpg,1,0
54,16442,16442,44-54,alligator lizard,hognose snake,reptile,reptile,0.0,0.0,0.0,0.0,1000.0,-2000.0,1000.0,,,,,,,0.0,0.0,0.0,0.0,0.0,0.0,0.0,1.0,0.6,0.0,2.0,3.0,1.0,3.0,4.0,4.0,2.0,1.0,5.0,1.0,24.0,44-54,0,0.37713758907614175,0.37449925393149053,,,44,54,alligator lizard,"hognose snake, puff adder, sand viper",https://s3.amazonaws.com/ganimals/data/44-54-t0.05-n20.jpg,0,1,0,https://s3.amazonaws.com/ganimals/data/44-54-t0.05-n20.jpg,1,0
55,16687,16687,44-300,alligator lizard,tiger beetle,reptile,insect,0.0,0.0,0.0,2000.0,0.0,0.0,1000.0,,,,,,,0.0,0.0,0.0,1.0,1.0,0.0,0.0,0.0,0.0,0.0,4.0,2.0,1.0,1.0,4.0,2.0,1.0,3.0,3.0,4.0,24.0,44-300,0,0.5461405936334283,-0.0492459040568056,,,44,300,alligator lizard,tiger beetle,https://s3.amazonaws.com/ganimals/data/44-300-t0.05-n20.jpg,0,1,0,https://s3.amazonaws.com/ganimals/data/44-300-t0.05-n20.jpg,1,0
56,17149,17149,46-62,green lizard,rock python,reptile,reptile,0.0,0.0,0.0,0.0,0.0,0.0,1000.0,1.5,2.0,1.5,1.0,,2.0,0.0,0.0,0.0,0.0,0.0,0.0,0.0,1.0,0.0,0.0,1.0,2.0,2.0,2.0,1.0,1.0,1.0,2.0,1.0,1.0,168.0,46-62,0,0.4780728893928225,0.6515877635988893,,geckogodhead,46,62,"green lizard, Lacerta viridis","rock python, rock snake, Python sebae",https://s3.amazonaws.com/ganimals/data/46-62-t0.05-n20.jpg,1,1,1,https://s3.amazonaws.com/ganimals/data/46-62-t0.05-n20.jpg,1,1
57,17188,17188,46-102,green lizard,echidna,reptile,mammal,0.0,2000.0,0.0,0.0,0.0,0.0,1000.0,,,,,,,0.0,0.0,0.3333333333333333,0.0,0.0,0.0,0.0,0.0,0.0,0.0,2.0,2.0,3.0,4.0,2.0,2.0,2.0,3.0,2.0,5.0,318.0,46-102,0,0.5875054741205401,0.39175038946446167,,,46,102,"green lizard, Lacerta viridis","echidna, spiny anteater, anteater",https://s3.amazonaws.com/ganimals/data/46-102-t0.05-n20.jpg,0,1,0,https://s3.amazonaws.com/ganimals/data/46-102-t0.05-n20.jpg,1,0
58,17581,17581,47-147,African chameleon,grey whale,reptile,bird,0.0,0.0,0.0,0.0,0.0,0.0,1000.0,,,,,,,0.0,0.0,0.0,0.0,0.0,0.0,0.0,0.5,0.3333333333333333,1.0,1.0,3.0,3.0,1.0,2.0,2.0,2.0,2.0,6.0,2.0,318.0,47-147,0,0.5953008728622161,0.5206615943444213,,,47,147,"African chameleon, Chamaeleo chamaeleon","grey whale, gray whale, devilfish, Eschrichtius gibbosus, Eschrichtius robustus",https://s3.amazonaws.com/ganimals/data/47-147-t0.05-n20.jpg,0,1,0,https://s3.amazonaws.com/ganimals/data/47-147-t0.05-n20.jpg,1,0
59,17797,17797,47-363,African chameleon,armadillo,reptile,mammal,0.0,-1000.0,0.0,0.0,0.0,0.0,1000.0,,,,,,,0.0,0.0,0.0,0.3333333333333333,0.0,0.5,0.0,0.0,0.0,0.0,3.0,3.0,4.0,3.0,1.0,2.0,4.0,2.0,1.0,2.0,318.0,47-363,0,0.3170429899083333,0.6265996558775063,,,47,363,"African chameleon, Chamaeleo chamaeleon",armadillo,https://s3.amazonaws.com/ganimals/data/47-363-t0.05-n20.jpg,0,0,0,https://s3.amazonaws.com/ganimals/data/47-363-t0.05-n20.jpg,1,0
60,18527,18527,50-54,American alligator,hognose snake,reptile,reptile,0.0,0.0,0.0,0.0,-1000.0,0.0,1000.0,,,,,,,0.0,0.0,0.0,0.0,0.0,0.0,0.0,1.0,0.5,0.0,2.0,1.0,1.0,4.0,1.0,1.0,4.0,1.0,4.0,4.0,282.0,50-54,0,0.39396013912892186,0.4206806722093903,,,50,54,"American alligator, Alligator mississipiensis","hognose snake, puff adder, sand viper",https://s3.amazonaws.com/ganimals/data/50-54-t0.05-n20.jpg,0,0,0,https://s3.amazonaws.com/ganimals/data/50-54-t0.05-n20.jpg,1,0
61,18725,18725,50-253,American alligator,basenji,reptile,dog,0.0,0.0,0.0,0.0,1000.0,0.0,1000.0,2.25,2.5,1.0,2.75,,4.0,1.0,0.0,1.0,1.0,0.5,0.6,1.0,0.0,0.0,0.0,4.0,4.0,2.0,4.0,2.0,5.0,1.0,1.0,1.0,3.0,318.0,50-253,0,-0.986856986423999,-0.3826441853940752,,lateral haretick,50,253,"American alligator, Alligator mississipiensis",basenji,https://s3.amazonaws.com/ganimals/data/50-253-t0.05-n20.jpg,1,1,0,https://s3.amazonaws.com/ganimals/data/50-253-t0.05-n20.jpg,1,1
62,19308,19308,53-149,ringneck snake,dugong,reptile,bird,0.0,0.0,0.0,0.0,0.0,0.0,1000.0,,,,,,,0.0,0.0,0.0,0.0,0.0,0.0,0.0,0.6666666666666666,0.0,1.0,4.0,6.0,1.0,3.0,3.0,3.0,4.0,3.0,2.0,6.0,318.0,53-149,0,0.6237487780163137,0.6929397959618941,,,53,149,"ringneck snake, ring-necked snake, ring snake","dugong, Dugong dugon",https://s3.amazonaws.com/ganimals/data/53-149-t0.05-n20.jpg,0,0,0,https://s3.amazonaws.com/ganimals/data/53-149-t0.05-n20.jpg,1,0
63,19563,19563,54-61,hognose snake,boa constrictor,reptile,reptile,0.0,1000.0,0.0,0.0,0.0,0.0,1000.0,,,,,,,0.0,0.0,0.0,0.0,0.0,0.0,0.0,0.5,0.3333333333333333,0.0,3.0,1.0,1.0,1.0,3.0,2.0,3.0,2.0,3.0,7.0,89.0,54-61,0,0.5048795076157306,0.442629280599136,,,54,61,"hognose snake, puff adder, sand viper","boa constrictor, Constrictor constrictor",https://s3.amazonaws.com/ganimals/data/54-61-t0.05-n20.jpg,0,1,0,https://s3.amazonaws.com/ganimals/data/54-61-t0.05-n20.jpg,1,0
64,20379,20379,56-197,king snake,giant schnauzer,reptile,dog,0.0,0.0,0.0,1000.0,0.0,0.0,1000.0,,,,,,,0.0,0.0,0.0,0.0,0.0,0.0,0.0,0.0,0.3333333333333333,0.0,3.0,1.0,3.0,2.0,3.0,1.0,2.0,2.0,3.0,1.0,318.0,56-197,0,0.5877612926812392,0.3876088585257153,,,56,197,"king snake, kingsnake",giant schnauzer,https://s3.amazonaws.com/ganimals/data/56-197-t0.05-n20.jpg,0,1,0,https://s3.amazonaws.com/ganimals/data/56-197-t0.05-n20.jpg,1,0
65,21304,21304,59-108,vine snake,sea anemone,reptile,fish,0.0,0.0,0.0,0.0,0.0,0.0,1000.0,,,,,,,0.0,0.3333333333333333,0.0,0.0,0.0,0.0,0.0,0.0,0.0,1.0,2.0,3.0,3.0,3.0,1.0,1.0,2.0,3.0,3.0,5.0,1275.0,59-108,0,0.8133738307782498,0.4807638603093576,,,59,108,vine snake,"sea anemone, anemone",https://s3.amazonaws.com/ganimals/data/59-108-t0.05-n20.jpg,0,0,0,https://s3.amazonaws.com/ganimals/data/59-108-t0.05-n20.jpg,1,0
66,21681,21681,60-149,night snake,dugong,reptile,bird,0.0,0.0,1000.0,0.0,0.0,0.0,1000.0,1.0,2.0,1.6666666666666667,1.6666666666666667,,3.0,0.0,0.0,0.0,0.0,0.0,0.0,0.0,0.0,0.0,0.75,1.0,6.0,3.0,5.0,2.0,2.0,3.0,3.0,2.0,4.0,318.0,60-149,0,0.7116524834587037,0.6000711547610118,,mucus eel,60,149,"night snake, Hypsiglena torquata","dugong, Dugong dugon",https://s3.amazonaws.com/ganimals/data/60-149-t0.05-n20.jpg,1,1,1,https://s3.amazonaws.com/ganimals/data/60-149-t0.05-n20.jpg,1,1
67,21987,21987,61-120,boa constrictor,fiddler crab,reptile,crustacean,1000.0,0.0,0.0,0.0,0.0,0.0,1000.0,,,,,,,0.0,0.0,0.0,0.0,0.0,0.5,0.0,0.0,0.0,0.0,2.0,7.0,2.0,4.0,2.0,2.0,1.0,4.0,1.0,4.0,736.0,61-120,0,0.4265872798231472,0.7129312689380012,,,61,120,"boa constrictor, Constrictor constrictor",fiddler crab,https://s3.amazonaws.com/ganimals/data/61-120-t0.05-n20.jpg,0,0,0,https://s3.amazonaws.com/ganimals/data/61-120-t0.05-n20.jpg,1,0
68,22341,22341,62-140,rock python,red-backed sandpiper,reptile,bird,0.0,0.0,1000.0,0.0,2000.0,0.0,1000.0,,,,,,,0.0,0.0,0.0,0.25,0.6666666666666666,0.0,0.0,0.0,0.0,0.5,2.0,3.0,1.0,4.0,3.0,5.0,5.0,2.0,3.0,2.0,282.0,62-140,0,0.7608469272803255,0.2946157103110734,,,62,140,"rock python, rock snake, Python sebae","red-backed sandpiper, dunlin, Erolia alpina",https://s3.amazonaws.com/ganimals/data/62-140-t0.05-n20.jpg,0,1,0,https://s3.amazonaws.com/ganimals/data/62-140-t0.05-n20.jpg,1,0
69,22893,22893,63-359,Indian cobra,black-footed ferret,reptile,mammal,0.0,0.0,3207.4660765870835,0.0,-1000.0,0.0,1000.0,,,,,,,0.8,0.25,0.0,1.0,0.25,0.0,0.6666666666666666,0.0,0.0,0.0,5.0,4.0,2.0,2.0,4.0,3.0,3.0,3.0,6.0,3.0,318.0,63-359,0,-0.3029392525098296,-0.06773524905688484,,,63,359,"Indian cobra, Naja naja","black-footed ferret, ferret, Mustela nigripes",https://s3.amazonaws.com/ganimals/data/63-359-t0.05-n20.jpg,0,1,0,https://s3.amazonaws.com/ganimals/data/63-359-t0.05-n20.jpg,1,0
70,23220,23220,64-354,green mamba,Arabian camel,reptile,mammal,0.0,0.0,0.0,0.0,0.0,0.0,1000.0,,,,,snakelimb,,0.0,0.0,0.0,0.0,0.0,0.125,0.0,0.5,0.0,0.0,2.0,3.0,4.0,1.0,5.0,8.0,1.0,2.0,3.0,3.0,318.0,64-354,0,0.5066423795331579,0.6394134288969568,,snakelimb,64,354,green mamba,"Arabian camel, dromedary, Camelus dromedarius",https://s3.amazonaws.com/ganimals/data/64-354-t0.05-n20.jpg,1,0,0,https://s3.amazonaws.com/ganimals/data/64-354-t0.05-n20.jpg,1,0
71,23557,23557,65-360,sea snake,otter,reptile,mammal,0.0,0.0,0.0,0.0,0.0,0.0,1000.0,,,,,,,0.0,0.0,0.0,0.5,0.0,0.0,0.0,0.0,0.0,1.0,2.0,3.0,3.0,2.0,5.0,2.0,1.0,1.0,3.0,3.0,15.0,65-360,0,0.5699413898981043,0.490081813606591,,,65,360,sea snake,otter,https://s3.amazonaws.com/ganimals/data/65-360-t0.05-n20.jpg,0,0,0,https://s3.amazonaws.com/ganimals/data/65-360-t0.05-n20.jpg,1,0
72,23670,23670,66-143,horned viper,oystercatcher,reptile,bird,-1000.0,0.0,0.0,0.0,-1000.0,0.0,1000.0,,,,,,,0.0,1.0,0.0,0.25,1.0,0.0,0.0,0.0,0.0,0.0,1.0,2.0,2.0,4.0,3.0,4.0,2.0,3.0,1.0,3.0,282.0,66-143,0,1.0299632639655338,-0.2714458933346192,,,66,143,"horned viper, cerastes, sand viper, horned asp, Cerastes cornutus","oystercatcher, oyster catcher",https://s3.amazonaws.com/ganimals/data/66-143-t0.05-n20.jpg,0,0,0,https://s3.amazonaws.com/ganimals/data/66-143-t0.05-n20.jpg,1,0
73,24130,24130,67-274,diamondback,dhole,reptile,mammal,0.0,0.0,0.0,0.0,0.0,0.0,1000.0,,,,,camoroo,,0.0,0.0,1.0,0.0,0.5,0.0,0.3333333333333333,0.0,0.5,0.0,5.0,5.0,1.0,2.0,2.0,3.0,3.0,2.0,2.0,3.0,318.0,67-274,0,0.36856028681438674,-0.40772080095751206,,camoroo,67,274,"diamondback, diamondback rattlesnake, Crotalus adamanteus","dhole, Cuon alpinus",https://s3.amazonaws.com/ganimals/data/67-274-t0.05-n20.jpg,1,0,0,https://s3.amazonaws.com/ganimals/data/67-274-t0.05-n20.jpg,1,0
74,24171,24171,67-315,diamondback,mantis,reptile,insect,1000.0,0.0,0.0,0.0,-1000.0,0.0,1000.0,,,,,,,0.0,0.0,0.0,0.3333333333333333,0.0,0.0,0.0,0.0,0.0,0.0,1.0,2.0,1.0,3.0,1.0,1.0,3.0,1.0,2.0,4.0,736.0,67-315,0,0.5342921696090258,0.4552153063915531,,,67,315,"diamondback, diamondback rattlesnake, Crotalus adamanteus","mantis, mantid",https://s3.amazonaws.com/ganimals/data/67-315-t0.05-n20.jpg,0,0,0,https://s3.amazonaws.com/ganimals/data/67-315-t0.05-n20.jpg,1,0
75,24427,24427,68-243,sidewinder,bull mastiff,reptile,dog,0.0,0.0,-1000.0,1000.0,0.0,0.0,1000.0,,,,,,,1.0,0.0,1.0,1.0,1.0,0.0,1.0,0.0,0.6666666666666666,0.0,1.0,1.0,2.0,4.0,1.0,1.0,5.0,4.0,3.0,7.0,318.0,68-243,0,-0.7228398025413539,-1.0620805187935687,,,68,243,"sidewinder, horned rattlesnake, Crotalus cerastes",bull mastiff,https://s3.amazonaws.com/ganimals/data/68-243-t0.05-n20.jpg,0,0,0,https://s3.amazonaws.com/ganimals/data/68-243-t0.05-n20.jpg,1,0
76,24815,24815,70-304,harvestman,leaf beetle,insect,insect,0.0,0.0,0.0,3000.0,1000.0,1000.0,1000.0,,,,,the lattice of life,,0.0,0.0,0.0,0.0,0.0,0.0,0.0,0.0,0.0,0.0,4.0,1.0,3.0,4.0,2.0,2.0,2.0,4.0,1.0,1.0,583.0,70-304,0,0.6438364595238396,0.5415469194520479,,the lattice of life,70,304,"harvestman, daddy longlegs, Phalangium opilio","leaf beetle, chrysomelid",https://s3.amazonaws.com/ganimals/data/70-304-t0.05-n20.jpg,1,0,0,https://s3.amazonaws.com/ganimals/data/70-304-t0.05-n20.jpg,1,0
77,25162,25162,71-325,scorpion,sulphur butterfly,insect,insect,0.0,0.0,0.0,0.0,0.0,0.0,1000.0,,,,,spotted loom,,0.0,0.0,0.0,0.0,0.25,0.25,0.0,0.25,0.0,0.5,1.0,1.0,2.0,2.0,4.0,4.0,4.0,4.0,4.0,2.0,50.0,71-325,0,0.5967159107274894,0.6108159660225353,,spotted loom,71,325,scorpion,"sulphur butterfly, sulfur butterfly",https://s3.amazonaws.com/ganimals/data/71-325-t0.05-n20.jpg,1,0,0,https://s3.amazonaws.com/ganimals/data/71-325-t0.05-n20.jpg,1,0
78,26218,26218,75-87,black widow,African grey,insect,bird,-3000.0,-1000.0,1000.0,0.0,0.0,0.0,1000.0,,,,,,,0.3333333333333333,1.0,0.3333333333333333,0.5,0.6666666666666666,0.0,0.0,0.0,0.0,0.0,3.0,3.0,3.0,8.0,3.0,3.0,1.0,4.0,2.0,4.0,736.0,75-87,0,0.6228549925775552,-0.3575093924219489,,,75,87,"black widow, Latrodectus mactans","African grey, African gray, Psittacus erithacus",https://s3.amazonaws.com/ganimals/data/75-87-t0.05-n20.jpg,0,0,0,https://s3.amazonaws.com/ganimals/data/75-87-t0.05-n20.jpg,1,0
79,26450,26450,75-319,black widow,dragonfly,insect,insect,0.0,0.0,1000.0,0.0,0.0,2000.0,1000.0,,,,,,,0.0,0.0,0.0,0.0,0.0,0.0,0.0,0.3333333333333333,0.0,0.0,1.0,3.0,3.0,3.0,2.0,3.0,5.0,3.0,2.0,4.0,583.0,75-319,0,0.588581936146834,0.5782272008343283,,,75,319,"black widow, Latrodectus mactans","dragonfly, darning needle, devil's darning needle, sewing needle, snake feeder, snake doctor, mosquito hawk, skeeter hawk",https://s3.amazonaws.com/ganimals/data/75-319-t0.05-n20.jpg,0,1,0,https://s3.amazonaws.com/ganimals/data/75-319-t0.05-n20.jpg,1,0
80,26495,26495,75-364,black widow,three-toed sloth,insect,mammal,0.0,0.0,0.0,0.0,0.0,0.0,1000.0,,,,,arechood,,0.0,0.0,0.0,0.0,0.0,0.0,0.0,0.0,0.0,0.0,1.0,3.0,3.0,2.0,1.0,2.0,5.0,1.0,2.0,4.0,736.0,75-364,0,0.6438364595238396,0.5415469194520479,,arechood,75,364,"black widow, Latrodectus mactans","three-toed sloth, ai, Bradypus tridactylus",https://s3.amazonaws.com/ganimals/data/75-364-t0.05-n20.jpg,1,0,0,https://s3.amazonaws.com/ganimals/data/75-364-t0.05-n20.jpg,1,0
81,26921,26921,77-149,wolf spider,dugong,insect,bird,-1000.0,0.0,0.0,0.0,0.0,0.0,1000.0,,,,,,,0.0,0.0,0.0,0.0,0.3333333333333333,0.0,0.0,0.0,0.2,1.0,4.0,2.0,3.0,3.0,3.0,8.0,3.0,2.0,5.0,1.0,736.0,77-149,0,0.7775917259494416,0.41661706853241065,,,77,149,"wolf spider, hunting spider","dugong, Dugong dugon",https://s3.amazonaws.com/ganimals/data/77-149-t0.05-n20.jpg,0,1,0,https://s3.amazonaws.com/ganimals/data/77-149-t0.05-n20.jpg,1,0
82,26974,26974,77-202,wolf spider,soft-coated wheaten terrier,insect,dog,-1000.0,0.0,0.0,0.0,0.0,0.0,1000.0,,,,,,,0.0,0.0,1.0,0.25,1.0,0.0,1.0,0.0,0.0,0.0,1.0,4.0,3.0,4.0,2.0,4.0,3.0,1.0,1.0,2.0,736.0,77-202,0,0.2107053852438542,-0.6136055053143042,,,77,202,"wolf spider, hunting spider",soft-coated wheaten terrier,https://s3.amazonaws.com/ganimals/data/77-202-t0.05-n20.jpg,0,1,0,https://s3.amazonaws.com/ganimals/data/77-202-t0.05-n20.jpg,1,0
83,27061,27061,77-289,wolf spider,snow leopard,insect,mammal,0.0,0.0,0.0,0.0,0.0,0.0,1000.0,,,,,,,0.5,0.5,1.0,0.16666666666666666,0.5,0.0,0.0,1.0,1.0,0.0,2.0,4.0,2.0,6.0,4.0,4.0,3.0,1.0,1.0,5.0,736.0,77-289,0,0.03276469774078015,-0.6500802482890058,,,77,289,"wolf spider, hunting spider","snow leopard, ounce, Panthera uncia",https://s3.amazonaws.com/ganimals/data/77-289-t0.05-n20.jpg,0,1,0,https://s3.amazonaws.com/ganimals/data/77-289-t0.05-n20.jpg,1,0
84,28067,28067,80-341,black grouse,hog,bird,mammal,0.0,0.0,0.0,0.0,0.0,0.0,1000.0,,,,,,,0.0,0.0,0.0,0.25,1.0,0.0,0.0,0.0,0.0,0.0,2.0,2.0,1.0,4.0,1.0,1.0,3.0,3.0,5.0,4.0,318.0,80-341,0,0.7926152459417595,0.14500022532930776,,,80,341,black grouse,"hog, pig, grunter, squealer, Sus scrofa",https://s3.amazonaws.com/ganimals/data/80-341-t0.05-n20.jpg,0,1,0,https://s3.amazonaws.com/ganimals/data/80-341-t0.05-n20.jpg,1,0
85,28575,28575,82-218,ruffed grouse,Welsh springer spaniel,bird,dog,0.0,3000.0,0.0,-1000.0,0.0,0.0,1000.0,,,,,furtoon,,0.0,0.0,1.0,1.0,0.0,0.0,0.16666666666666666,0.0,0.0,0.0,1.0,2.0,1.0,2.0,2.0,2.0,6.0,4.0,2.0,3.0,318.0,82-218,0,0.07739114948816496,-0.21837353313900434,,meerdo,82,218,"ruffed grouse, partridge, Bonasa umbellus",Welsh springer spaniel,https://s3.amazonaws.com/ganimals/data/82-218-t0.05-n20.jpg,1,1,0,https://s3.amazonaws.com/ganimals/data/82-218-t0.05-n20.jpg,1,1
86,30974,30974,90-133,lorikeet,bittern,bird,bird,0.0,0.0,0.0,1000.0,0.0,-1000.0,1000.0,,,,,,,0.0,1.0,0.0,0.0,0.0,0.0,0.0,0.0,0.0,0.0,3.0,1.0,4.0,1.0,2.0,1.0,2.0,2.0,1.0,3.0,10.0,90-133,0,0.8811844775476138,0.12510080078812089,,,90,133,lorikeet,bittern,https://s3.amazonaws.com/ganimals/data/90-133-t0.05-n20.jpg,0,1,0,https://s3.amazonaws.com/ganimals/data/90-133-t0.05-n20.jpg,1,0
87,31152,31152,90-311,lorikeet,grasshopper,bird,insect,0.0,-2000.0,1000.0,0.0,5000.6581334186685,0.0,1000.0,2.0,1.0,2.0,4.0,RGB Centroid,1.0,0.0,0.0,0.0,0.0,0.0,0.3333333333333333,0.0,0.0,0.0,0.0,2.0,2.0,4.0,4.0,2.0,3.0,2.0,3.0,2.0,3.0,736.0,90-311,0,0.49900367305671134,0.6558031524426834,,,90,311,lorikeet,"grasshopper, hopper",https://s3.amazonaws.com/ganimals/data/90-311-t0.05-n20.jpg,0,1,0,https://s3.amazonaws.com/ganimals/data/90-311-t0.05-n20.jpg,1,0
88,31822,31822,92-370,bee eater,guenon,bird,mammal,5207.466076587083,0.0,-1000.0,0.0,0.0,0.0,1000.0,,,,,hammerhead pigeon,,0.25,0.6666666666666666,0.0,1.0,0.0,0.0,0.6666666666666666,0.0,0.0,0.0,4.0,3.0,1.0,1.0,1.0,1.0,3.0,1.0,4.0,5.0,318.0,92-370,0,0.054427615021990526,-0.1878109498527449,,hammerhead pigeon,92,370,bee eater,"guenon, guenon monkey",https://s3.amazonaws.com/ganimals/data/92-370-t0.05-n20.jpg,1,0,0,https://s3.amazonaws.com/ganimals/data/92-370-t0.05-n20.jpg,1,0
89,32360,32360,94-301,hummingbird,ladybug,bird,insect,0.0,0.0,0.0,0.0,-1000.0,0.0,1000.0,1.7142857142857142,2.7142857142857144,2.0,2.8571428571428568,,7.0,0.0,0.0,0.0,0.0,0.0,0.0,0.0,0.0,0.0,0.0,6.0,2.0,4.0,2.0,4.0,1.0,2.0,2.0,6.0,2.0,2.0,94-301,0,0.6438364595238396,0.5415469194520479,,hummingbug,94,301,hummingbird,"ladybug, ladybeetle, lady beetle, ladybird, ladybird beetle",https://s3.amazonaws.com/ganimals/data/94-301-t0.05-n20.jpg,1,1,2,https://s3.amazonaws.com/ganimals/data/94-301-t0.05-n20.jpg,1,1
90,33277,33277,97-315,drake,mantis,bird,insect,0.0,0.0,3000.0,0.0,0.0,0.0,1000.0,,,,,,,0.75,1.0,0.0,0.4,1.0,0.3333333333333333,1.0,0.0,0.0,0.0,4.0,1.0,1.0,5.0,1.0,3.0,1.0,3.0,5.0,4.0,736.0,97-315,0,-0.00827150879502454,-0.46501959858242414,,,97,315,drake,"mantis, mantid",https://s3.amazonaws.com/ganimals/data/97-315-t0.05-n20.jpg,0,1,0,https://s3.amazonaws.com/ganimals/data/97-315-t0.05-n20.jpg,1,0
91,33891,33891,99-332,goose,Angora,bird,mammal,0.0,1000.0,0.0,0.0,-2000.0,1000.0,1000.0,,,,,,,0.6666666666666666,0.0,1.0,0.6666666666666666,0.0,0.0,0.0,0.0,1.0,0.0,6.0,1.0,1.0,3.0,1.0,2.0,1.0,6.0,3.0,2.0,318.0,99-332,0,-0.2957507115712718,-0.506555254237689,,,99,332,goose,"Angora, Angora rabbit",https://s3.amazonaws.com/ganimals/data/99-332-t0.05-n20.jpg,0,0,0,https://s3.amazonaws.com/ganimals/data/99-332-t0.05-n20.jpg,1,0
92,34131,34131,100-275,black swan,African hunting dog,bird,mammal,0.0,0.0,0.0,0.0,0.0,3000.0,1000.0,,,,,,,0.5,0.6666666666666666,0.75,0.0,0.3333333333333333,0.25,0.0,0.0,0.5,0.0,2.0,3.0,4.0,1.0,3.0,4.0,1.0,1.0,2.0,1.0,318.0,100-275,0,0.2721053146568573,-0.30211664467186083,,,100,275,"black swan, Cygnus atratus","African hunting dog, hyena dog, Cape hunting dog, Lycaon pictus",https://s3.amazonaws.com/ganimals/data/100-275-t0.05-n20.jpg,0,1,0,https://s3.amazonaws.com/ganimals/data/100-275-t0.05-n20.jpg,1,0
93,34461,34461,101-309,tusker,bee,mammal,insect,0.0,1000.0,0.0,0.0,0.0,3000.0,1000.0,,,,,,,0.0,0.0,0.6666666666666666,0.0,1.0,1.0,0.5,0.2,0.0,0.0,2.0,3.0,3.0,2.0,1.0,1.0,2.0,5.0,3.0,3.0,736.0,101-309,0,0.08800196689967926,0.12032467261035443,,,101,309,tusker,bee,https://s3.amazonaws.com/ganimals/data/101-309-t0.05-n20.jpg,0,0,0,https://s3.amazonaws.com/ganimals/data/101-309-t0.05-n20.jpg,1,0
94,34657,34657,102-210,echidna,German short-haired pointer,mammal,dog,0.0,0.0,1000.0,0.0,0.0,0.0,1000.0,,,,,,,0.5,0.0,1.0,1.0,0.0,0.6666666666666666,0.6,0.0,1.0,0.0,4.0,3.0,2.0,2.0,3.0,3.0,5.0,1.0,4.0,3.0,102.0,102-210,0,-0.8468906834812006,-0.5588452920186772,,,102,210,"echidna, spiny anteater, anteater",German short-haired pointer,https://s3.amazonaws.com/ganimals/data/102-210-t0.05-n20.jpg,0,0,0,https://s3.amazonaws.com/ganimals/data/102-210-t0.05-n20.jpg,1,0
95,35161,35161,104-127,wallaby,white stork,mammal,bird,0.0,0.0,0.0,0.0,0.0,0.0,1000.0,1.0,1.5,2.0,2.5,,2.0,0.0,1.0,0.0,1.0,1.0,0.0,0.3333333333333333,0.0,0.0,0.0,2.0,3.0,2.0,2.0,4.0,1.0,6.0,1.0,1.0,2.0,318.0,104-127,0,0.6458496434945334,-0.5687640696143504,,zag golfer,104,127,"wallaby, brush kangaroo","white stork, Ciconia ciconia",https://s3.amazonaws.com/ganimals/data/104-127-t0.05-n20.jpg,1,1,1,https://s3.amazonaws.com/ganimals/data/104-127-t0.05-n20.jpg,1,1
96,35604,35604,105-278,koala,kit fox,mammal,mammal,1000.0,0.0,1000.0,-1000.0,0.0,0.0,1000.0,2.0,2.0,2.0,2.0,Foxy Fox,1.0,1.0,0.0,0.6,1.0,0.5,0.6666666666666666,0.0,0.0,0.0,0.0,1.0,3.0,5.0,4.0,4.0,3.0,1.0,5.0,2.0,1.0,160.0,105-278,0,-0.5353094567454585,0.1291790378700086,,,105,278,"koala, koala bear, kangaroo bear, native bear, Phascolarctos cinereus","kit fox, Vulpes macrotis",https://s3.amazonaws.com/ganimals/data/105-278-t0.05-n20.jpg,0,0,0,https://s3.amazonaws.com/ganimals/data/105-278-t0.05-n20.jpg,1,0
97,35705,35705,105-379,koala,howler monkey,mammal,mammal,0.0,0.0,0.0,1000.0,0.0,0.0,1000.0,,,,,,,1.0,0.0,1.0,0.5,0.0,0.25,1.0,0.0,0.3333333333333333,0.0,1.0,1.0,1.0,2.0,1.0,4.0,1.0,3.0,3.0,5.0,160.0,105-379,0,-0.8420097945309091,-0.3611548792061483,,,105,379,"koala, koala bear, kangaroo bear, native bear, Phascolarctos cinereus","howler monkey, howler",https://s3.amazonaws.com/ganimals/data/105-379-t0.05-n20.jpg,0,0,0,https://s3.amazonaws.com/ganimals/data/105-379-t0.05-n20.jpg,1,0
98,35717,35717,105-391,koala,coho,mammal,fish,0.0,0.0,0.0,0.0,0.0,0.0,1000.0,,,,,,,0.3333333333333333,0.0,0.0,0.6666666666666666,0.0,0.0,0.0,0.0,1.0,0.0,3.0,3.0,1.0,3.0,1.0,4.0,2.0,2.0,6.0,3.0,433.0,105-391,0,0.06488231190251863,-0.07504807686143493,,,105,391,"koala, koala bear, kangaroo bear, native bear, Phascolarctos cinereus","coho, cohoe, coho salmon, blue jack, silver salmon, Oncorhynchus kisutch",https://s3.amazonaws.com/ganimals/data/105-391-t0.05-n20.jpg,0,1,0,https://s3.amazonaws.com/ganimals/data/105-391-t0.05-n20.jpg,1,0
99,36166,36166,107-259,jellyfish,Pomeranian,fish,dog,0.0,0.0,2207.4660765870835,0.0,3000.0,0.0,1000.0,,,,,,,0.0,0.0,0.0,0.3333333333333333,0.0,0.0,0.0,0.0,0.3333333333333333,1.0,3.0,3.0,1.0,3.0,4.0,6.0,2.0,2.0,3.0,2.0,687.0,107-259,0,0.5686383680129108,0.3793095592105058,,,107,259,jellyfish,Pomeranian,https://s3.amazonaws.com/ganimals/data/107-259-t0.05-n20.jpg,0,1,0,https://s3.amazonaws.com/ganimals/data/107-259-t0.05-n20.jpg,1,0
100,36535,36535,108-339,sea anemone,sorrel,fish,mammal,0.0,0.0,0.0,0.0,1000.0,1000.0,1000.0,,,,,,,0.0,0.0,1.0,0.75,0.5,0.6666666666666666,1.0,0.0,1.0,0.0,2.0,4.0,3.0,4.0,2.0,3.0,2.0,1.0,3.0,1.0,1275.0,108-339,0,-0.5269706250174397,-0.8105056495390888,,,108,339,"sea anemone, anemone",sorrel,https://s3.amazonaws.com/ganimals/data/108-339-t0.05-n20.jpg,0,0,0,https://s3.amazonaws.com/ganimals/data/108-339-t0.05-n20.jpg,1,0
101,37044,37044,110-273,flatworm,dingo,mollusk,mammal,0.0,0.0,2207.4660765870835,0.0,0.0,0.0,1000.0,,,,,scuttlemister,,0.0,0.0,0.3333333333333333,0.5,0.0,0.0,0.0,0.0,0.0,0.5,1.0,3.0,3.0,2.0,1.0,4.0,1.0,1.0,3.0,2.0,692.0,110-273,0,0.46839972187156204,0.301269126746362,,scuttlemister,110,273,"flatworm, platyhelminth","dingo, warrigal, warragal, Canis dingo",https://s3.amazonaws.com/ganimals/data/110-273-t0.05-n20.jpg,1,0,0,https://s3.amazonaws.com/ganimals/data/110-273-t0.05-n20.jpg,1,0
102,37335,37335,111-278,nematode,kit fox,mollusk,mammal,0.0,0.0,0.0,2000.0,0.0,0.0,1000.0,,,,,,,0.0,0.0,0.0,0.0,0.0,0.0,0.0,0.0,0.0,0.5,3.0,2.0,4.0,4.0,3.0,4.0,4.0,2.0,4.0,2.0,0.0,111-278,0,0.6890471421470824,0.5805630763246905,,,111,278,"nematode, nematode worm, roundworm","kit fox, Vulpes macrotis",https://s3.amazonaws.com/ganimals/data/111-278-t0.05-n20.jpg,0,0,0,https://s3.amazonaws.com/ganimals/data/111-278-t0.05-n20.jpg,1,0
103,37405,37405,111-348,nematode,ram,mollusk,mammal,0.0,0.0,0.0,0.0,-2000.0,0.0,1000.0,,,,,,,0.0,0.0,0.0,0.0,0.0,0.5,0.0,0.0,0.0,0.6,3.0,1.0,2.0,4.0,2.0,2.0,2.0,1.0,3.0,5.0,0.0,111-348,0,0.4808400989710385,0.7597506571851723,,,111,348,"nematode, nematode worm, roundworm","ram, tup",https://s3.amazonaws.com/ganimals/data/111-348-t0.05-n20.jpg,0,0,0,https://s3.amazonaws.com/ganimals/data/111-348-t0.05-n20.jpg,1,0
104,38262,38262,114-353,slug,gazelle,mollusk,mammal,0.0,0.0,0.0,0.0,0.0,0.0,1000.0,,,,,,,0.0,0.0,0.2,0.0,1.0,0.0,0.0,0.0,1.0,0.0,4.0,1.0,5.0,1.0,1.0,3.0,6.0,2.0,2.0,1.0,279.0,114-353,0,0.6727493716080889,-0.3419431656468708,,,114,353,slug,gazelle,https://s3.amazonaws.com/ganimals/data/114-353-t0.05-n20.jpg,0,0,0,https://s3.amazonaws.com/ganimals/data/114-353-t0.05-n20.jpg,1,0
105,38717,38717,116-245,chiton,French bulldog,mollusk,dog,0.0,0.0,0.0,0.0,0.0,0.0,1000.0,,,,,,,0.0,0.0,0.0,0.0,0.0,0.0,0.0,0.3333333333333333,0.0,0.0,1.0,4.0,4.0,2.0,1.0,1.0,3.0,3.0,4.0,1.0,736.0,116-245,0,0.588581936146834,0.5782272008343283,,,116,245,"chiton, coat-of-mail shell, sea cradle, polyplacophore",French bulldog,https://s3.amazonaws.com/ganimals/data/116-245-t0.05-n20.jpg,0,1,0,https://s3.amazonaws.com/ganimals/data/116-245-t0.05-n20.jpg,1,0
106,38803,38803,116-331,chiton,hare,mollusk,mammal,0.0,0.0,0.0,0.0,0.0,0.0,1000.0,,,,,,,0.0,0.0,0.0,0.0,0.0,0.0,0.0,1.0,0.0,0.25,4.0,2.0,1.0,3.0,1.0,3.0,4.0,1.0,1.0,4.0,559.0,116-331,0,0.5006782307044438,0.6710958420352106,,,116,331,"chiton, coat-of-mail shell, sea cradle, polyplacophore",hare,https://s3.amazonaws.com/ganimals/data/116-331-t0.05-n20.jpg,0,1,0,https://s3.amazonaws.com/ganimals/data/116-331-t0.05-n20.jpg,1,0
107,40709,40709,123-298,spiny lobster,mongoose,crustacean,mammal,1000.0,0.0,0.0,0.0,0.0,0.0,1000.0,,,,,,,0.0,0.0,0.0,0.0,0.5,0.0,0.0,1.0,0.0,0.3333333333333333,6.0,4.0,4.0,1.0,4.0,1.0,2.0,1.0,3.0,3.0,736.0,123-298,0,0.6236818464019994,0.5116995426836332,,,123,298,"spiny lobster, langouste, rock lobster, crawfish, crayfish, sea crawfish",mongoose,https://s3.amazonaws.com/ganimals/data/123-298-t0.05-n20.jpg,0,0,0,https://s3.amazonaws.com/ganimals/data/123-298-t0.05-n20.jpg,1,0
108,41258,41258,125-302,hermit crab,ground beetle,crustacean,insect,0.0,-1000.0,0.0,0.0,0.0,0.0,1000.0,,,,,,,0.0,0.0,0.0,0.0,0.5,0.0,0.0,0.0,0.0,0.0,3.0,2.0,3.0,2.0,2.0,2.0,2.0,2.0,2.0,3.0,60.0,125-302,0,0.7593049614508547,0.37564792728836344,,,125,302,hermit crab,"ground beetle, carabid beetle",https://s3.amazonaws.com/ganimals/data/125-302-t0.05-n20.jpg,0,1,0,https://s3.amazonaws.com/ganimals/data/125-302-t0.05-n20.jpg,1,0
109,41615,41615,126-388,isopod,giant panda,crustacean,mammal,0.0,0.0,0.0,0.0,0.0,0.0,1000.0,,,,,,,0.0,0.0,0.75,0.0,0.0,0.3333333333333333,0.0,0.0,0.0,0.0,1.0,2.0,4.0,2.0,1.0,3.0,6.0,2.0,1.0,2.0,736.0,126-388,0,0.3722589558992875,0.31876095997061427,,,126,388,isopod,"giant panda, panda, panda bear, coon bear, Ailuropoda melanoleuca",https://s3.amazonaws.com/ganimals/data/126-388-t0.05-n20.jpg,0,1,0,https://s3.amazonaws.com/ganimals/data/126-388-t0.05-n20.jpg,1,0
110,41773,41773,127-276,white stork,hyena,bird,mammal,0.0,0.0,1000.0,0.0,0.0,0.0,1000.0,,,,,,,0.0,0.5,0.0,0.0,0.75,0.0,0.0,0.0,0.0,0.0,1.0,2.0,5.0,2.0,4.0,1.0,4.0,4.0,2.0,4.0,318.0,127-276,0,0.9357132214262495,0.08447537187455761,,,127,276,"white stork, Ciconia ciconia","hyena, hyaena",https://s3.amazonaws.com/ganimals/data/127-276-t0.05-n20.jpg,0,0,0,https://s3.amazonaws.com/ganimals/data/127-276-t0.05-n20.jpg,1,0
111,42046,42046,128-280,black stork,grey fox,bird,mammal,0.0,-1000.0,0.0,0.0,0.0,0.0,1000.0,,,,,,,0.0,0.6666666666666666,0.0,1.0,1.0,0.0,0.0,0.0,0.0,0.3333333333333333,5.0,3.0,3.0,1.0,1.0,2.0,1.0,4.0,1.0,3.0,318.0,128-280,0,0.7345130607314396,-0.30086587858432845,,,128,280,"black stork, Ciconia nigra","grey fox, gray fox, Urocyon cinereoargenteus",https://s3.amazonaws.com/ganimals/data/128-280-t0.05-n20.jpg,0,1,0,https://s3.amazonaws.com/ganimals/data/128-280-t0.05-n20.jpg,1,0
112,42303,42303,129-269,spoonbill,timber wolf,bird,mammal,0.0,0.0,0.0,0.0,0.0,0.0,1000.0,,,,,,,0.0,0.6666666666666666,0.0,0.25,0.75,0.0,0.0,0.0,0.8,0.0,1.0,3.0,2.0,4.0,4.0,6.0,2.0,4.0,5.0,2.0,14.0,129-269,0,0.7585326065718604,-0.4191323705879996,,,129,269,spoonbill,"timber wolf, grey wolf, gray wolf, Canis lupus",https://s3.amazonaws.com/ganimals/data/129-269-t0.05-n20.jpg,0,1,0,https://s3.amazonaws.com/ganimals/data/129-269-t0.05-n20.jpg,1,0
113,42420,42420,129-386,spoonbill,African elephant,bird,mammal,0.0,3000.0,-1000.0,0.0,2207.4660765870835,-1000.0,1000.0,,,,,,,0.0,0.0,0.3333333333333333,0.0,0.6666666666666666,0.0,0.0,0.0,1.0,0.0,3.0,3.0,3.0,2.0,3.0,2.0,1.0,1.0,3.0,2.0,14.0,129-386,0,0.5732379761620924,-0.29126244953278224,,,129,386,spoonbill,"African elephant, Loxodonta africana",https://s3.amazonaws.com/ganimals/data/129-386-t0.05-n20.jpg,0,1,0,https://s3.amazonaws.com/ganimals/data/129-386-t0.05-n20.jpg,1,0
114,42444,42444,130-143,flamingo,oystercatcher,bird,bird,0.0,0.0,0.0,0.0,0.0,1000.0,1000.0,,,,,,,0.0,1.0,0.0,1.0,1.0,0.3333333333333333,0.0,0.0,0.0,0.0,2.0,3.0,1.0,1.0,2.0,3.0,3.0,1.0,3.0,5.0,73.0,130-143,0,0.6386558251900741,-0.35143578973009715,,,130,143,flamingo,"oystercatcher, oyster catcher",https://s3.amazonaws.com/ganimals/data/130-143-t0.05-n20.jpg,0,0,0,https://s3.amazonaws.com/ganimals/data/130-143-t0.05-n20.jpg,1,0
115,44544,44544,138-143,bustard,oystercatcher,bird,bird,0.0,0.0,-1000.0,0.0,-1000.0,0.0,1000.0,,,,,,,0.0,1.0,1.0,0.3333333333333333,0.0,0.0,0.5,0.0,0.0,0.0,1.0,1.0,1.0,3.0,1.0,1.0,2.0,4.0,1.0,3.0,13.0,138-143,0,0.3961887791788981,-0.5652284725755593,,,138,143,bustard,"oystercatcher, oyster catcher",https://s3.amazonaws.com/ganimals/data/138-143-t0.05-n20.jpg,0,1,0,https://s3.amazonaws.com/ganimals/data/138-143-t0.05-n20.jpg,1,0
116,44549,44549,138-148,bustard,killer whale,bird,bird,0.0,0.0,0.0,-1000.0,0.0,0.0,1000.0,,,,,,,0.0,1.0,0.0,1.0,0.0,0.0,0.5,0.0,0.0,0.25,2.0,5.0,2.0,4.0,1.0,2.0,4.0,1.0,3.0,4.0,13.0,138-148,0,0.36869849687079004,-0.2689940302974689,,,138,148,bustard,"killer whale, killer, orca, grampus, sea wolf, Orcinus orca",https://s3.amazonaws.com/ganimals/data/138-148-t0.05-n20.jpg,0,1,0,https://s3.amazonaws.com/ganimals/data/138-148-t0.05-n20.jpg,1,0
117,44936,44936,139-277,ruddy turnstone,red fox,bird,mammal,2000.0,0.0,0.0,0.0,0.0,0.0,1000.0,,,,,stalkdork,,0.0,1.0,0.0,0.0,1.0,0.0,0.0,0.0,0.0,0.0,2.0,2.0,4.0,1.0,5.0,2.0,1.0,2.0,3.0,2.0,318.0,139-277,0,1.1121214814016445,-0.20669718353924812,,stalkdork,139,277,"ruddy turnstone, Arenaria interpres","red fox, Vulpes vulpes",https://s3.amazonaws.com/ganimals/data/139-277-t0.05-n20.jpg,1,0,0,https://s3.amazonaws.com/ganimals/data/139-277-t0.05-n20.jpg,1,0
118,45274,45274,140-358,red-backed sandpiper,polecat,bird,mammal,0.0,0.0,0.0,0.0,0.0,0.0,1000.0,,,,,,,1.0,1.0,0.0,0.5,0.5,1.0,0.0,0.0,0.0,0.0,2.0,1.0,3.0,2.0,2.0,1.0,3.0,4.0,1.0,2.0,318.0,140-358,0,-0.1770820165906525,0.22612032576511468,,,140,358,"red-backed sandpiper, dunlin, Erolia alpina","polecat, fitch, foulmart, foumart, Mustela putorius",https://s3.amazonaws.com/ganimals/data/140-358-t0.05-n20.jpg,0,1,0,https://s3.amazonaws.com/ganimals/data/140-358-t0.05-n20.jpg,1,0
119,45280,45280,140-364,red-backed sandpiper,three-toed sloth,bird,mammal,-1000.0,0.0,0.0,-1000.0,0.0,0.0,1000.0,,,,,,,0.25,0.5,0.0,0.0,0.5,0.0,0.0,0.0,0.0,0.0,4.0,2.0,3.0,3.0,2.0,2.0,5.0,1.0,3.0,3.0,318.0,140-364,0,0.7342489200148229,0.1808366773962784,,,140,364,"red-backed sandpiper, dunlin, Erolia alpina","three-toed sloth, ai, Bradypus tridactylus",https://s3.amazonaws.com/ganimals/data/140-364-t0.05-n20.jpg,0,0,0,https://s3.amazonaws.com/ganimals/data/140-364-t0.05-n20.jpg,1,0
120,45426,45426,141-254,redshank,pug,bird,dog,0.0,0.0,0.0,-1000.0,0.0,0.0,1000.0,,,,,,,0.0,0.3333333333333333,0.0,0.5,0.0,0.16666666666666666,0.0,0.0,0.0,0.0,1.0,3.0,1.0,4.0,1.0,6.0,2.0,7.0,2.0,6.0,318.0,141-254,0,0.4862196374259794,0.33036224346864773,,,141,254,"redshank, Tringa totanus","pug, pug-dog",https://s3.amazonaws.com/ganimals/data/141-254-t0.05-n20.jpg,0,1,0,https://s3.amazonaws.com/ganimals/data/141-254-t0.05-n20.jpg,1,0
121,45463,45463,141-291,redshank,lion,bird,mammal,0.0,3000.0,1000.0,0.0,0.0,0.0,1000.0,,,,,,,0.4,1.0,0.0,0.5,1.0,0.0,0.0,0.0,0.0,0.0,5.0,2.0,2.0,2.0,4.0,2.0,1.0,3.0,2.0,2.0,318.0,141-291,0,0.717836965812753,-0.31473570802618467,,,141,291,"redshank, Tringa totanus","lion, king of beasts, Panthera leo",https://s3.amazonaws.com/ganimals/data/141-291-t0.05-n20.jpg,0,1,0,https://s3.amazonaws.com/ganimals/data/141-291-t0.05-n20.jpg,1,0
122,46971,46971,147-284,grey whale,Siamese cat,bird,mammal,0.0,0.0,0.0,0.0,0.0,0.0,1000.0,,,,,,,0.0,0.0,0.4,0.6666666666666666,0.0,0.0,0.0,0.0,1.0,0.8,2.0,1.0,5.0,3.0,2.0,1.0,2.0,2.0,3.0,5.0,81.0,147-284,0,0.26126228887963954,-0.21026047443681498,,,147,284,"grey whale, gray whale, devilfish, Eschrichtius gibbosus, Eschrichtius robustus","Siamese cat, Siamese",https://s3.amazonaws.com/ganimals/data/147-284-t0.05-n20.jpg,0,1,0,https://s3.amazonaws.com/ganimals/data/147-284-t0.05-n20.jpg,1,0
123,47329,47329,148-393,killer whale,anemone fish,bird,fish,0.0,0.0,0.0,0.0,0.0,0.0,1000.0,,,,,,,0.0,0.0,0.0,0.0,0.0,0.0,0.0,0.0,0.0,1.0,3.0,1.0,2.0,3.0,4.0,5.0,1.0,1.0,1.0,6.0,433.0,148-393,0,0.7342578247703251,0.6195792331973332,,,148,393,"killer whale, killer, orca, grampus, sea wolf, Orcinus orca",anemone fish,https://s3.amazonaws.com/ganimals/data/148-393-t0.05-n20.jpg,0,1,0,https://s3.amazonaws.com/ganimals/data/148-393-t0.05-n20.jpg,1,0
124,50087,50087,160-241,Afghan hound,EntleBucher,dog,dog,0.0,2000.0,0.0,0.0,0.0,0.0,1000.0,,,,,,,1.0,0.0,1.0,0.6666666666666666,1.0,1.0,1.0,0.3333333333333333,0.5,0.0,1.0,1.0,1.0,3.0,2.0,2.0,2.0,3.0,6.0,2.0,0.0,160-241,0,-1.0750108119836304,-0.5193308949157207,,,160,241,"Afghan hound, Afghan",EntleBucher,https://s3.amazonaws.com/ganimals/data/160-241-t0.05-n20.jpg,0,0,0,https://s3.amazonaws.com/ganimals/data/160-241-t0.05-n20.jpg,1,0
125,51563,51563,166-316,Walker hound,cicada,dog,insect,729.5489036693094,0.0,0.0,0.0,0.0,0.0,1000.0,,,,,,,1.0,0.0,0.25,0.5,0.6666666666666666,0.0,0.2,0.0,0.0,0.0,6.0,1.0,4.0,2.0,3.0,1.0,5.0,1.0,3.0,3.0,736.0,166-316,0,-0.0662737945207795,0.07030745577571329,,,166,316,"Walker hound, Walker foxhound","cicada, cicala",https://s3.amazonaws.com/ganimals/data/166-316-t0.05-n20.jpg,0,1,0,https://s3.amazonaws.com/ganimals/data/166-316-t0.05-n20.jpg,1,0
126,51683,51683,167-206,English foxhound,curly-coated retriever,dog,dog,2000.0,-1000.0,-1000.0,0.0,2000.0,0.0,1000.0,,,,,,,1.0,0.0,1.0,1.0,1.0,1.0,1.0,0.0,0.5,0.0,1.0,2.0,3.0,1.0,1.0,2.0,3.0,1.0,4.0,1.0,0.0,167-206,0,-1.1293005785214385,-0.6423427893584961,,,167,206,English foxhound,curly-coated retriever,https://s3.amazonaws.com/ganimals/data/167-206-t0.05-n20.jpg,0,0,0,https://s3.amazonaws.com/ganimals/data/167-206-t0.05-n20.jpg,1,0
127,55008,55008,182-201,Border terrier,silky terrier,dog,dog,-1000.0,0.0,0.0,-2000.0,0.0,0.0,1000.0,,,,,,,0.0,0.0,1.0,0.6666666666666666,1.0,1.0,1.0,0.0,0.25,0.0,1.0,3.0,2.0,3.0,1.0,2.0,1.0,1.0,4.0,2.0,0.0,182-201,0,-0.40277971168299836,-0.49420486836276584,,,182,201,Border terrier,"silky terrier, Sydney silky",https://s3.amazonaws.com/ganimals/data/182-201-t0.05-n20.jpg,0,1,0,https://s3.amazonaws.com/ganimals/data/182-201-t0.05-n20.jpg,1,0
128,55622,55622,184-388,Irish terrier,giant panda,dog,mammal,0.0,0.0,0.0,0.0,0.0,0.0,1000.0,4.0,1.5,2.5,3.5,,2.0,1.0,0.5,1.0,1.0,0.0,1.0,0.75,0.0,0.0,0.0,4.0,2.0,2.0,3.0,2.0,2.0,4.0,2.0,1.0,2.0,45.0,184-388,0,-1.0542215969776791,-0.21055673780337833,,trash panda,184,388,Irish terrier,"giant panda, panda, panda bear, coon bear, Ailuropoda melanoleuca",https://s3.amazonaws.com/ganimals/data/184-388-t0.05-n20.jpg,1,0,0,https://s3.amazonaws.com/ganimals/data/184-388-t0.05-n20.jpg,1,0
129,55898,55898,186-241,Norwich terrier,EntleBucher,dog,dog,1000.0,1000.0,1000.0,-2000.0,0.0,0.0,1000.0,,,,,,,1.0,0.0,1.0,0.0,1.0,1.0,0.5,0.0,1.0,0.0,3.0,1.0,2.0,1.0,1.0,5.0,2.0,1.0,3.0,4.0,0.0,186-241,0,-0.678322006796894,-0.45964697122608383,,,186,241,Norwich terrier,EntleBucher,https://s3.amazonaws.com/ganimals/data/186-241-t0.05-n20.jpg,0,1,0,https://s3.amazonaws.com/ganimals/data/186-241-t0.05-n20.jpg,1,0
130,56329,56329,188-253,wire-haired fox terrier,basenji,dog,dog,0.0,0.0,0.0,0.0,0.0,0.0,1000.0,,,,,,,1.0,0.0,1.0,1.0,1.0,1.0,1.0,0.0,0.25,0.0,2.0,2.0,5.0,3.0,2.0,6.0,3.0,2.0,4.0,1.0,0.0,188-253,0,-1.087244203389488,-0.5268892436637466,,,188,253,wire-haired fox terrier,basenji,https://s3.amazonaws.com/ganimals/data/188-253-t0.05-n20.jpg,0,1,0,https://s3.amazonaws.com/ganimals/data/188-253-t0.05-n20.jpg,1,0
131,57614,57614,194-305,Dandie Dinmont,dung beetle,dog,insect,0.0,-1207.4660765870835,0.0,0.0,0.0,0.0,1000.0,,,,,,,1.0,0.0,1.0,0.8,1.0,1.0,1.0,0.25,0.0,0.0,1.0,1.0,3.0,5.0,1.0,4.0,3.0,4.0,5.0,2.0,0.0,194-305,0,-1.0209021468414037,-0.3321265190959899,,,194,305,"Dandie Dinmont, Dandie Dinmont terrier",dung beetle,https://s3.amazonaws.com/ganimals/data/194-305-t0.05-n20.jpg,0,1,0,https://s3.amazonaws.com/ganimals/data/194-305-t0.05-n20.jpg,1,0
132,58800,58800,200-294,Tibetan terrier,brown bear,dog,mammal,0.0,-1000.0,0.0,-4000.658133418669,0.0,1000.0,1000.0,,,,,,,1.0,0.0,1.0,1.0,0.5,1.0,0.5,0.0,1.0,0.0,4.0,4.0,1.0,1.0,2.0,1.0,2.0,2.0,2.0,1.0,45.0,200-294,0,-1.1224233784683508,-0.5527428182438838,,,200,294,"Tibetan terrier, chrysanthemum dog","brown bear, bruin, Ursus arctos",https://s3.amazonaws.com/ganimals/data/200-294-t0.05-n20.jpg,0,0,0,https://s3.amazonaws.com/ganimals/data/200-294-t0.05-n20.jpg,1,0
133,59576,59576,204-292,Lhasa,tiger,dog,mammal,0.0,0.0,0.0,0.0,0.0,0.0,1000.0,,,,,,,0.0,0.0,1.0,1.0,0.3333333333333333,1.0,1.0,0.0,0.6,0.0,1.0,2.0,3.0,3.0,3.0,3.0,1.0,3.0,5.0,8.0,55.0,204-292,0,-0.7251609293518964,-0.5209727891776638,,,204,292,"Lhasa, Lhasa apso","tiger, Panthera tigris",https://s3.amazonaws.com/ganimals/data/204-292-t0.05-n20.jpg,0,1,0,https://s3.amazonaws.com/ganimals/data/204-292-t0.05-n20.jpg,1,0
134,61378,61378,214-219,Gordon setter,cocker spaniel,dog,dog,0.0,-2000.0,0.0,0.0,0.0,0.0,1000.0,3.5454545454545454,1.2727272727272727,3.363636363636364,2.363636363636364,,11.0,1.0,0.0,0.0,1.0,0.0,1.0,1.0,0.0,0.0,0.0,4.0,1.0,1.0,1.0,2.0,4.0,5.0,1.0,1.0,3.0,0.0,214-219,0,-1.1071318759016695,0.3697518763211307,,charispaniel,214,219,Gordon setter,"cocker spaniel, English cocker spaniel, cocker",https://s3.amazonaws.com/ganimals/data/214-219-t0.05-n20.jpg,1,1,1,https://s3.amazonaws.com/ganimals/data/214-219-t0.05-n20.jpg,1,1
135,62562,62562,220-326,Sussex spaniel,lycaenid,dog,insect,1000.0,1000.0,0.0,0.0,0.0,0.0,1000.0,2.0,2.5,1.5,2.0,,2.0,1.0,0.0,0.0,0.5,0.3333333333333333,0.0,0.0,0.0,0.0,0.0,2.0,1.0,4.0,2.0,3.0,4.0,3.0,4.0,2.0,3.0,736.0,220-326,0,-0.018421175855380317,0.35509740951169666,,shroomspaniel,220,326,Sussex spaniel,"lycaenid, lycaenid butterfly",https://s3.amazonaws.com/ganimals/data/220-326-t0.05-n20.jpg,1,0,0,https://s3.amazonaws.com/ganimals/data/220-326-t0.05-n20.jpg,1,0
136,62627,62627,220-391,Sussex spaniel,coho,dog,fish,0.0,0.0,-1000.0,0.0,0.0,0.0,1000.0,,,,,,,1.0,0.0,0.0,0.8,0.0,0.5,0.6666666666666666,0.0,0.6666666666666666,0.0,5.0,1.0,1.0,5.0,1.0,2.0,3.0,3.0,3.0,1.0,433.0,220-391,0,-0.7986674877746209,0.04536241971242691,,,220,391,Sussex spaniel,"coho, cohoe, coho salmon, blue jack, silver salmon, Oncorhynchus kisutch",https://s3.amazonaws.com/ganimals/data/220-391-t0.05-n20.jpg,0,1,0,https://s3.amazonaws.com/ganimals/data/220-391-t0.05-n20.jpg,1,0
137,63770,63770,227-323,kelpie,monarch,dog,insect,1000.0,0.0,0.0,0.0,0.0,0.0,1000.0,,,,,,,0.0,0.0,0.0,1.0,0.0,0.0,0.0,0.0,0.0,0.0,5.0,2.0,3.0,1.0,2.0,3.0,4.0,2.0,2.0,1.0,736.0,227-323,0,0.31520358977939794,0.2825520802705634,,,227,323,kelpie,"monarch, monarch butterfly, milkweed butterfly, Danaus plexippus",https://s3.amazonaws.com/ganimals/data/227-323-t0.05-n20.jpg,0,0,0,https://s3.amazonaws.com/ganimals/data/227-323-t0.05-n20.jpg,1,0
138,66408,66408,243-377,bull mastiff,marmoset,dog,mammal,0.0,1000.0,0.0,1000.0,1000.0,0.0,1000.0,2.5,2.5,2.0,1.0,,2.0,0.0,0.0,1.0,1.0,0.0,1.0,1.0,0.0,1.0,0.0,1.0,3.0,1.0,2.0,5.0,2.0,1.0,1.0,1.0,5.0,94.0,243-377,0,-0.8694301308476937,-0.59509913418014,,psychic shomono,243,377,bull mastiff,marmoset,https://s3.amazonaws.com/ganimals/data/243-377-t0.05-n20.jpg,1,0,0,https://s3.amazonaws.com/ganimals/data/243-377-t0.05-n20.jpg,1,0
139,67201,67201,249-267,malamute,standard poodle,dog,dog,-2000.0,0.0,0.0,0.0,0.0,0.0,1000.0,,,,,,,1.0,0.0,1.0,1.0,1.0,0.5,1.0,0.0,1.0,0.0,1.0,6.0,2.0,4.0,4.0,2.0,1.0,2.0,2.0,1.0,0.0,249-267,0,-0.9961641490846467,-1.0446342302339482,,,249,267,"malamute, malemute, Alaskan malamute",standard poodle,https://s3.amazonaws.com/ganimals/data/249-267-t0.05-n20.jpg,0,1,0,https://s3.amazonaws.com/ganimals/data/249-267-t0.05-n20.jpg,1,0
140,67414,67414,250-333,Siberian husky,hamster,dog,mammal,0.0,0.0,0.0,0.0,0.0,0.0,1000.0,3.5,1.1,3.5,2.8,,10.0,1.0,0.0,1.0,1.0,0.0,0.3333333333333333,1.0,1.0,1.0,0.0,5.0,2.0,2.0,3.0,1.0,3.0,3.0,2.0,1.0,3.0,94.0,250-333,0,-1.32044832983613,-0.6599235182550556,,hamhusko,250,333,Siberian husky,hamster,https://s3.amazonaws.com/ganimals/data/250-333-t0.05-n20.jpg,1,0,0,https://s3.amazonaws.com/ganimals/data/250-333-t0.05-n20.jpg,1,0
141,67711,67711,252-339,affenpinscher,sorrel,dog,mammal,0.0,0.0,0.0,0.0,0.0,0.0,1000.0,,,,,,,1.0,0.0,0.3333333333333333,1.0,0.0,0.0,0.0,0.0,1.0,0.0,4.0,4.0,3.0,1.0,2.0,4.0,4.0,2.0,2.0,2.0,77.0,252-339,0,-0.4842730979433787,-0.2754113947365067,,,252,339,"affenpinscher, monkey pinscher, monkey dog",sorrel,https://s3.amazonaws.com/ganimals/data/252-339-t0.05-n20.jpg,0,1,0,https://s3.amazonaws.com/ganimals/data/252-339-t0.05-n20.jpg,1,0
142,67712,67712,252-340,affenpinscher,zebra,dog,mammal,0.0,0.0,3000.0,0.0,1000.0,0.0,1000.0,,,,,,,1.0,0.0,1.0,1.0,0.5,0.0,0.0,0.0,1.0,0.0,2.0,3.0,1.0,2.0,2.0,1.0,2.0,3.0,2.0,2.0,77.0,252-340,0,-0.4814665668229625,-0.7409034468753636,,,252,340,"affenpinscher, monkey pinscher, monkey dog",zebra,https://s3.amazonaws.com/ganimals/data/252-340-t0.05-n20.jpg,0,1,0,https://s3.amazonaws.com/ganimals/data/252-340-t0.05-n20.jpg,1,0
143,67858,67858,253-342,basenji,wild boar,dog,mammal,0.0,0.0,0.0,-3000.0,0.0,0.0,1000.0,,,,,,,0.0,0.0,1.0,1.0,1.0,1.0,1.0,0.0,1.0,0.0,1.0,1.0,4.0,2.0,2.0,3.0,1.0,1.0,3.0,1.0,81.0,253-342,0,-0.6384931269936633,-0.926897118507509,,,253,342,basenji,"wild boar, boar, Sus scrofa",https://s3.amazonaws.com/ganimals/data/253-342-t0.05-n20.jpg,0,0,0,https://s3.amazonaws.com/ganimals/data/253-342-t0.05-n20.jpg,1,0
144,69700,69700,267-273,standard poodle,dingo,dog,mammal,0.0,0.0,-2000.0,1000.0,0.0,0.0,1000.0,,,,,,,1.0,0.0,1.0,1.0,1.0,1.0,1.0,0.0,1.0,0.0,2.0,3.0,6.0,2.0,1.0,2.0,4.0,3.0,2.0,6.0,0.0,267-273,0,-1.213413328785339,-0.8732498807479949,,,267,273,standard poodle,"dingo, warrigal, warragal, Canis dingo",https://s3.amazonaws.com/ganimals/data/267-273-t0.05-n20.jpg,0,0,0,https://s3.amazonaws.com/ganimals/data/267-273-t0.05-n20.jpg,1,0
145,70009,70009,269-325,timber wolf,sulphur butterfly,mammal,insect,-1000.0,0.0,0.0,0.0,0.0,0.0,1000.0,,,,,,,0.0,0.0,0.0,0.0,0.0,0.0,0.0,0.0,0.0,0.0,1.0,3.0,4.0,5.0,1.0,2.0,4.0,1.0,4.0,4.0,736.0,269-325,0,0.6438364595238396,0.5415469194520479,,,269,325,"timber wolf, grey wolf, gray wolf, Canis lupus","sulphur butterfly, sulfur butterfly",https://s3.amazonaws.com/ganimals/data/269-325-t0.05-n20.jpg,0,0,0,https://s3.amazonaws.com/ganimals/data/269-325-t0.05-n20.jpg,1,0
146,70203,70203,270-392,white wolf,rock beauty,mammal,fish,0.0,0.0,0.0,0.0,0.0,-1000.0,1000.0,,,,,,,0.0,0.0,0.0,1.0,0.0,0.0,0.0,0.0,0.0,0.3333333333333333,4.0,2.0,2.0,3.0,1.0,1.0,1.0,1.0,4.0,3.0,433.0,270-392,0,0.3453440448615598,0.3085628515189918,,,270,392,"white wolf, Arctic wolf, Canis lupus tundrarum","rock beauty, Holocanthus tricolor",https://s3.amazonaws.com/ganimals/data/270-392-t0.05-n20.jpg,0,0,0,https://s3.amazonaws.com/ganimals/data/270-392-t0.05-n20.jpg,1,0
147,71292,71292,279-383,Arctic fox,Madagascar cat,mammal,mammal,2000.0,0.0,3000.0,1000.0,1000.0,0.0,1000.0,,,,,,,1.0,0.0,1.0,1.0,0.0,1.0,0.6666666666666666,0.0,0.6666666666666666,0.0,2.0,2.0,3.0,3.0,1.0,1.0,3.0,4.0,3.0,2.0,94.0,279-383,0,-1.2506361976340998,-0.28444178860067554,,,279,383,"Arctic fox, white fox, Alopex lagopus","Madagascar cat, ring-tailed lemur, Lemur catta",https://s3.amazonaws.com/ganimals/data/279-383-t0.05-n20.jpg,0,1,0,https://s3.amazonaws.com/ganimals/data/279-383-t0.05-n20.jpg,1,0
148,72116,72116,287-299,lynx,meerkat,mammal,mammal,-2000.0,0.0,1000.0,-1000.0,-3207.4660765870835,0.0,1000.0,3.125,1.625,3.0,2.625,,8.0,1.0,0.0,1.0,1.0,0.3333333333333333,1.0,1.0,0.0,1.0,0.0,4.0,1.0,1.0,2.0,3.0,3.0,1.0,1.0,2.0,4.0,37.0,287-299,0,-1.3673713313546925,-0.6520512245297488,,edward,287,299,"lynx, catamount","meerkat, mierkat",https://s3.amazonaws.com/ganimals/data/287-299-t0.05-n20.jpg,1,0,0,https://s3.amazonaws.com/ganimals/data/287-299-t0.05-n20.jpg,1,0
149,72561,72561,291-314,lion,cockroach,mammal,insect,0.0,0.0,0.0,0.0,0.0,0.0,1000.0,,,,,rawrcrab,,0.0,0.0,1.0,0.3333333333333333,0.6666666666666666,0.3333333333333333,0.16666666666666666,0.0,0.75,0.0,8.0,4.0,3.0,6.0,3.0,6.0,6.0,6.0,4.0,8.0,433.0,291-314,0,0.17943582002416716,-0.49901336732987356,,rawrcrab,291,314,"lion, king of beasts, Panthera leo","cockroach, roach",https://s3.amazonaws.com/ganimals/data/291-314-t0.05-n20.jpg,1,0,0,https://s3.amazonaws.com/ganimals/data/291-314-t0.05-n20.jpg,1,0
150,72561,72561,291-314,lion,cockroach,mammal,insect,0.0,0.0,0.0,0.0,0.0,0.0,1000.0,,,,,rawrcrab,,0.0,0.0,1.0,0.3333333333333333,0.6666666666666666,0.3333333333333333,0.16666666666666666,0.0,0.75,0.0,8.0,4.0,3.0,6.0,3.0,6.0,6.0,6.0,4.0,8.0,433.0,291-314,0,0.17943582002416716,-0.49901336732987356,,,291,314,"lion, king of beasts, Panthera leo","cockroach, roach",https://s3.amazonaws.com/ganimals/data/291-314-t0.05-n20.jpg,0,1,0,https://s3.amazonaws.com/ganimals/data/291-314-t0.05-n20.jpg,1,0
151,72727,72727,292-375,tiger,colobus,mammal,mammal,0.0,0.0,0.0,1000.0,0.0,1000.0,1000.0,,,,,,,1.0,0.0,0.6666666666666666,1.0,0.0,0.0,1.0,0.0,1.0,0.0,2.0,3.0,3.0,3.0,1.0,1.0,1.0,2.0,7.0,3.0,94.0,292-375,0,-0.9535209878346852,-0.7344240654049461,,,292,375,"tiger, Panthera tigris","colobus, colobus monkey",https://s3.amazonaws.com/ganimals/data/292-375-t0.05-n20.jpg,0,0,0,https://s3.amazonaws.com/ganimals/data/292-375-t0.05-n20.jpg,1,0
152,72870,72870,294-311,brown bear,grasshopper,mammal,insect,0.0,0.0,0.0,0.0,0.0,0.0,1000.0,,,,,,,1.0,0.0,1.0,0.6666666666666666,1.0,1.0,1.0,0.0,0.0,0.0,2.0,4.0,6.0,3.0,1.0,1.0,1.0,4.0,1.0,3.0,736.0,294-311,0,-0.935643538342724,-0.32510408490850223,,,294,311,"brown bear, bruin, Ursus arctos","grasshopper, hopper",https://s3.amazonaws.com/ganimals/data/294-311-t0.05-n20.jpg,0,1,0,https://s3.amazonaws.com/ganimals/data/294-311-t0.05-n20.jpg,1,0
153,73368,73368,299-309,meerkat,bee,mammal,insect,0.0,0.0,0.0,0.0,1000.0,0.0,1000.0,,,,,,,0.75,0.0,1.0,1.0,1.0,0.3333333333333333,0.0,0.0,0.0,0.0,4.0,4.0,3.0,2.0,2.0,3.0,4.0,1.0,2.0,2.0,736.0,299-309,0,-0.19887530038735535,-0.3441438327092934,,,299,309,"meerkat, mierkat",bee,https://s3.amazonaws.com/ganimals/data/299-309-t0.05-n20.jpg,0,1,0,https://s3.amazonaws.com/ganimals/data/299-309-t0.05-n20.jpg,1,0
154,73482,73482,300-326,tiger beetle,lycaenid,insect,insect,0.0,0.0,0.0,0.0,0.0,0.0,1000.0,,,,,furtoon,,0.0,0.0,0.0,0.0,0.6,0.3333333333333333,0.0,0.0,0.0,0.0,2.0,3.0,1.0,1.0,5.0,3.0,4.0,4.0,3.0,2.0,10.0,300-326,0,0.6375658753691295,0.45672436184626203,,lattoongo,300,326,tiger beetle,"lycaenid, lycaenid butterfly",https://s3.amazonaws.com/ganimals/data/300-326-t0.05-n20.jpg,1,1,0,https://s3.amazonaws.com/ganimals/data/300-326-t0.05-n20.jpg,1,1
155,73561,73561,301-309,ladybug,bee,insect,insect,0.0,0.0,0.0,0.0,0.0,0.0,1000.0,,,,,,,0.0,0.0,0.0,0.0,0.0,0.0,0.0,0.0,0.0,0.0,3.0,3.0,3.0,1.0,1.0,2.0,3.0,1.0,5.0,3.0,344.0,301-309,0,0.6438364595238396,0.5415469194520479,,,301,309,"ladybug, ladybeetle, lady beetle, ladybird, ladybird beetle",bee,https://s3.amazonaws.com/ganimals/data/301-309-t0.05-n20.jpg,0,0,0,https://s3.amazonaws.com/ganimals/data/301-309-t0.05-n20.jpg,1,0
156,73611,73611,301-359,ladybug,black-footed ferret,insect,mammal,0.0,0.0,1000.0,1000.0,-3000.0,0.0,1000.0,,,,,,,1.0,0.0,0.5,1.0,0.3333333333333333,0.6666666666666666,0.3333333333333333,0.0,0.0,0.0,3.0,5.0,2.0,3.0,3.0,3.0,6.0,2.0,4.0,4.0,736.0,301-359,0,-0.694538629929476,0.12634561402722821,,,301,359,"ladybug, ladybeetle, lady beetle, ladybird, ladybird beetle","black-footed ferret, ferret, Mustela nigripes",https://s3.amazonaws.com/ganimals/data/301-359-t0.05-n20.jpg,0,1,0,https://s3.amazonaws.com/ganimals/data/301-359-t0.05-n20.jpg,1,0
157,73627,73627,301-375,ladybug,colobus,insect,mammal,0.0,0.0,0.0,1000.0,0.0,0.0,1000.0,,,,,knotted mothmuncher,,0.0,0.0,0.0,0.0,0.0,0.5,0.0,0.0,0.0,0.0,2.0,2.0,4.0,3.0,2.0,2.0,1.0,1.0,3.0,6.0,736.0,301-375,0,0.4265872798231472,0.7129312689380012,,knotted mothmuncher,301,375,"ladybug, ladybeetle, lady beetle, ladybird, ladybird beetle","colobus, colobus monkey",https://s3.amazonaws.com/ganimals/data/301-375-t0.05-n20.jpg,1,0,0,https://s3.amazonaws.com/ganimals/data/301-375-t0.05-n20.jpg,1,0
158,73752,73752,303-311,long-horned beetle,grasshopper,insect,insect,0.0,0.0,0.0,0.0,-4000.0,-2000.0,1000.0,,,,,,,0.0,0.0,0.0,0.0,0.5,0.0,0.0,0.0,0.0,0.0,3.0,2.0,1.0,4.0,2.0,3.0,5.0,1.0,2.0,1.0,378.0,303-311,0,0.7593049614508547,0.37564792728836344,,,303,311,"long-horned beetle, longicorn, longicorn beetle","grasshopper, hopper",https://s3.amazonaws.com/ganimals/data/303-311-t0.05-n20.jpg,0,0,0,https://s3.amazonaws.com/ganimals/data/303-311-t0.05-n20.jpg,1,0
159,73936,73936,305-310,dung beetle,ant,insect,insect,1000.0,1000.0,0.0,0.0,0.0,-1000.0,1000.0,,,,,,,0.0,0.0,0.0,0.2,0.5,0.0,0.0,0.0,0.3333333333333333,0.0,2.0,2.0,2.0,5.0,2.0,1.0,2.0,2.0,3.0,5.0,0.0,305-310,0,0.637503220659366,0.16991089852573388,,,305,310,dung beetle,"ant, emmet, pismire",https://s3.amazonaws.com/ganimals/data/305-310-t0.05-n20.jpg,0,1,0,https://s3.amazonaws.com/ganimals/data/305-310-t0.05-n20.jpg,1,0
160,74044,74044,306-327,rhinoceros beetle,starfish,insect,mollusk,0.0,0.0,0.0,-2000.0,0.0,-2000.0,1000.0,,,,,,,0.0,0.0,0.0,0.0,0.5,0.0,0.0,0.0,0.0,0.0,2.0,3.0,3.0,6.0,2.0,3.0,2.0,2.0,4.0,1.0,736.0,306-327,0,0.7593049614508547,0.37564792728836344,,,306,327,rhinoceros beetle,"starfish, sea star",https://s3.amazonaws.com/ganimals/data/306-327-t0.05-n20.jpg,0,1,0,https://s3.amazonaws.com/ganimals/data/306-327-t0.05-n20.jpg,1,0
161,74133,74133,307-326,weevil,lycaenid,insect,insect,0.0,0.0,0.0,0.0,1000.0,0.0,1000.0,,,,,,,0.0,0.0,0.0,0.0,0.0,0.0,0.0,0.0,0.0,0.0,1.0,6.0,2.0,1.0,3.0,2.0,3.0,1.0,2.0,4.0,113.0,307-326,0,0.6438364595238396,0.5415469194520479,,,307,326,weevil,"lycaenid, lycaenid butterfly",https://s3.amazonaws.com/ganimals/data/307-326-t0.05-n20.jpg,0,0,0,https://s3.amazonaws.com/ganimals/data/307-326-t0.05-n20.jpg,1,0
162,74186,74186,307-379,weevil,howler monkey,insect,mammal,0.0,0.0,0.0,0.0,0.0,0.0,1000.0,,,,,furtoon,,0.0,0.0,0.0,0.0,0.0,0.0,0.0,0.0,0.0,0.0,2.0,1.0,2.0,1.0,2.0,3.0,1.0,2.0,3.0,1.0,113.0,307-379,0,0.6438364595238396,0.5415469194520479,,dark muncher,307,379,weevil,"howler monkey, howler",https://s3.amazonaws.com/ganimals/data/307-379-t0.05-n20.jpg,1,1,0,https://s3.amazonaws.com/ganimals/data/307-379-t0.05-n20.jpg,1,1
163,74357,74357,309-373,bee,macaque,insect,mammal,0.0,-1000.0,0.0,1000.0,0.0,0.0,1000.0,,,,,,,1.0,0.0,1.0,0.0,0.0,0.6666666666666666,0.3333333333333333,0.0,0.0,0.0,1.0,2.0,5.0,1.0,2.0,3.0,3.0,3.0,4.0,3.0,0.0,309-373,0,-0.5273812395746603,0.2712449863364564,,,309,373,bee,macaque,https://s3.amazonaws.com/ganimals/data/309-373-t0.05-n20.jpg,0,0,0,https://s3.amazonaws.com/ganimals/data/309-373-t0.05-n20.jpg,1,0
164,74833,74833,315-342,mantis,wild boar,insect,mammal,0.0,0.0,0.0,0.0,0.0,1000.0,1000.0,,,,,,,0.0,0.0,0.2,0.0,0.6666666666666666,0.0,0.0,0.0,0.2,0.0,3.0,3.0,5.0,4.0,3.0,3.0,3.0,2.0,5.0,4.0,736.0,315-342,0,0.7303507707456532,0.13810750868545052,,,315,342,"mantis, mantid","wild boar, boar, Sus scrofa",https://s3.amazonaws.com/ganimals/data/315-342-t0.05-n20.jpg,0,1,0,https://s3.amazonaws.com/ganimals/data/315-342-t0.05-n20.jpg,1,0
165,74973,74973,317-321,leafhopper,admiral,insect,insect,0.0,0.0,0.0,0.0,0.0,0.0,1000.0,,,,,ladybumbo,,0.0,0.0,0.0,0.0,0.0,0.0,0.0,0.14285714285714285,0.0,0.0,3.0,4.0,3.0,5.0,4.0,2.0,3.0,7.0,5.0,3.0,362.0,317-321,0,0.6201559495051229,0.5572670400444538,,ladybumbo,317,321,leafhopper,admiral,https://s3.amazonaws.com/ganimals/data/317-321-t0.05-n20.jpg,1,0,0,https://s3.amazonaws.com/ganimals/data/317-321-t0.05-n20.jpg,1,0
166,74973,74973,317-321,leafhopper,admiral,insect,insect,0.0,0.0,0.0,0.0,0.0,0.0,1000.0,,,,,ladybumbo,,0.0,0.0,0.0,0.0,0.0,0.0,0.0,0.14285714285714285,0.0,0.0,3.0,4.0,3.0,5.0,4.0,2.0,3.0,7.0,5.0,3.0,362.0,317-321,0,0.6201559495051229,0.5572670400444538,,,317,321,leafhopper,admiral,https://s3.amazonaws.com/ganimals/data/317-321-t0.05-n20.jpg,0,0,0,https://s3.amazonaws.com/ganimals/data/317-321-t0.05-n20.jpg,1,0
167,75072,75072,318-341,lacewing,hog,insect,mammal,0.0,2000.0,0.0,0.0,0.0,0.0,1000.0,,,,,,,0.0,0.0,0.0,0.0,0.2,0.0,0.0,0.5,0.0,0.6666666666666666,6.0,4.0,1.0,2.0,5.0,1.0,1.0,2.0,5.0,3.0,736.0,318-341,0,0.6674229853934608,0.5822292871568516,,,318,341,"lacewing, lacewing fly","hog, pig, grunter, squealer, Sus scrofa",https://s3.amazonaws.com/ganimals/data/318-341-t0.05-n20.jpg,0,0,0,https://s3.amazonaws.com/ganimals/data/318-341-t0.05-n20.jpg,1,0
168,75246,75246,320-360,damselfly,otter,insect,mammal,0.0,0.0,0.0,0.0,0.0,0.0,1000.0,,,,,,,0.0,0.0,0.0,0.0,0.5,0.0,0.0,0.0,0.0,0.0,1.0,1.0,4.0,2.0,4.0,1.0,2.0,4.0,3.0,2.0,100.0,320-360,0,0.7593049614508547,0.37564792728836344,,,320,360,damselfly,otter,https://s3.amazonaws.com/ganimals/data/320-360-t0.05-n20.jpg,0,0,0,https://s3.amazonaws.com/ganimals/data/320-360-t0.05-n20.jpg,1,0
169,75252,75252,320-366,damselfly,gorilla,insect,mammal,0.0,0.0,1000.0,-3000.0,-1000.0,0.0,1000.0,,,,,,,0.0,1.0,0.5,1.0,0.0,0.0,0.3333333333333333,0.0,0.0,0.0,2.0,2.0,4.0,1.0,1.0,4.0,3.0,3.0,4.0,5.0,100.0,320-366,0,0.3304161615355539,-0.46166088026836083,,,320,366,damselfly,"gorilla, Gorilla gorilla",https://s3.amazonaws.com/ganimals/data/320-366-t0.05-n20.jpg,0,1,0,https://s3.amazonaws.com/ganimals/data/320-366-t0.05-n20.jpg,1,0
170,75569,75569,324-385,cabbage butterfly,Indian elephant,insect,mammal,0.0,0.0,0.0,0.0,0.0,0.0,1000.0,,,,,,,0.0,0.5,0.0,0.0,0.0,0.0,0.0,0.0,0.0,0.0,2.0,2.0,3.0,1.0,2.0,2.0,4.0,1.0,2.0,5.0,736.0,324-385,0,0.7625104685357267,0.3333238601200844,,,324,385,cabbage butterfly,"Indian elephant, Elephas maximus",https://s3.amazonaws.com/ganimals/data/324-385-t0.05-n20.jpg,0,1,0,https://s3.amazonaws.com/ganimals/data/324-385-t0.05-n20.jpg,1,0
171,75762,75762,327-365,starfish,orangutan,mollusk,mammal,1000.0,-1000.0,0.0,0.0,0.0,1000.0,1000.0,,,,,cryptoclam,,0.25,0.0,0.6666666666666666,0.5,1.0,0.0,0.0,0.0,0.0,0.0,4.0,1.0,3.0,2.0,2.0,3.0,2.0,2.0,1.0,4.0,627.0,327-365,0,0.45406500725113125,-0.2059297350013574,,cryptoclam,327,365,"starfish, sea star","orangutan, orang, orangutang, Pongo pygmaeus",https://s3.amazonaws.com/ganimals/data/327-365-t0.05-n20.jpg,1,0,0,https://s3.amazonaws.com/ganimals/data/327-365-t0.05-n20.jpg,1,0
172,75796,75796,328-330,sea urchin,wood rabbit,mollusk,mammal,-999.3418665813342,-1000.0,-1000.0,1000.0,0.0,0.0,0.0,,,,,,,0.0,0.0,0.3333333333333333,0.0,0.0,0.0,0.0,0.0,0.0,1.0,5.0,3.0,6.0,1.0,4.0,2.0,5.0,1.0,2.0,2.0,206.0,328-330,0,0.6779268393670256,0.46978270320974697,,,328,330,sea urchin,"wood rabbit, cottontail, cottontail rabbit",https://s3.amazonaws.com/ganimals/data/328-330-t0.05-n20.jpg,0,1,0,https://s3.amazonaws.com/ganimals/data/328-330-t0.05-n20.jpg,1,0
173,76092,76092,332-360,Angora,otter,mammal,mammal,-2000.0,-1000.0,-1000.0,0.0,1000.0,0.0,1000.0,3.25,1.25,3.0,3.0,,4.0,1.0,0.0,1.0,0.8,0.0,1.0,0.75,0.6666666666666666,0.3333333333333333,0.0,2.0,3.0,2.0,5.0,1.0,4.0,4.0,3.0,3.0,1.0,94.0,332-360,0,-1.27375324563729,-0.031112208796889643,,floofed ocifer,332,360,"Angora, Angora rabbit",otter,https://s3.amazonaws.com/ganimals/data/332-360-t0.05-n20.jpg,1,0,0,https://s3.amazonaws.com/ganimals/data/332-360-t0.05-n20.jpg,1,0
174,76199,76199,334-340,porcupine,zebra,mammal,mammal,0.0,0.0,0.0,1000.0,0.0,0.0,1000.0,,,,,,,0.0,0.0,0.75,0.0,1.0,0.0,0.0,0.0,1.0,0.0,1.0,4.0,4.0,2.0,1.0,2.0,4.0,2.0,4.0,1.0,12.0,334-340,0,0.5798032456926447,-0.589107440126388,,,334,340,"porcupine, hedgehog",zebra,https://s3.amazonaws.com/ganimals/data/334-340-t0.05-n20.jpg,0,1,0,https://s3.amazonaws.com/ganimals/data/334-340-t0.05-n20.jpg,1,0
175,76219,76219,334-360,porcupine,otter,mammal,mammal,0.0,0.0,0.0,0.0,0.0,0.0,1000.0,,,,,,,0.0,0.0,0.8,1.0,0.25,0.3333333333333333,0.0,0.0,1.0,0.0,5.0,1.0,5.0,1.0,4.0,3.0,2.0,3.0,2.0,1.0,12.0,334-360,0,-0.07531481121994285,-0.5074670375698483,,,334,360,"porcupine, hedgehog",otter,https://s3.amazonaws.com/ganimals/data/334-360-t0.05-n20.jpg,0,1,0,https://s3.amazonaws.com/ganimals/data/334-360-t0.05-n20.jpg,1,0
176,76420,76420,337-378,beaver,capuchin,mammal,mammal,0.0,2000.0,-1000.0,-1000.0,-1000.0,0.0,0.0,,,,,,,0.75,0.0,1.0,0.8,0.0,0.5,0.0,0.0,1.0,0.0,4.0,2.0,2.0,5.0,2.0,2.0,2.0,3.0,1.0,4.0,8.0,337-378,0,-0.6047276240538628,-0.36523294682930757,,,337,378,beaver,"capuchin, ringtail, Cebus capucinus",https://s3.amazonaws.com/ganimals/data/337-378-t0.05-n20.jpg,0,0,0,https://s3.amazonaws.com/ganimals/data/337-378-t0.05-n20.jpg,1,0
177,76550,76550,339-391,sorrel,coho,mammal,fish,0.0,0.0,0.0,-2000.0,0.0,1000.0,1000.0,,,,,,,0.0,0.0,0.6666666666666666,0.0,1.0,0.0,0.3333333333333333,0.0,1.0,0.0,1.0,1.0,3.0,2.0,2.0,2.0,3.0,4.0,3.0,3.0,433.0,339-391,0,0.45624702388080074,-0.6547303545231092,,,339,391,sorrel,"coho, cohoe, coho salmon, blue jack, silver salmon, Oncorhynchus kisutch",https://s3.amazonaws.com/ganimals/data/339-391-t0.05-n20.jpg,0,0,0,https://s3.amazonaws.com/ganimals/data/339-391-t0.05-n20.jpg,1,0
178,76580,76580,340-364,zebra,three-toed sloth,mammal,mammal,-1000.0,0.0,0.0,0.0,0.0,1000.0,1000.0,,,,,,,0.0,0.0,0.8,0.0,0.5,0.0,0.5,0.0,0.0,0.0,2.0,2.0,5.0,1.0,2.0,2.0,2.0,3.0,1.0,3.0,1.0,340-364,0,0.41765214423893254,-0.13847181502227035,,,340,364,zebra,"three-toed sloth, ai, Bradypus tridactylus",https://s3.amazonaws.com/ganimals/data/340-364-t0.05-n20.jpg,0,0,0,https://s3.amazonaws.com/ganimals/data/340-364-t0.05-n20.jpg,1,0
179,76593,76593,340-377,zebra,marmoset,mammal,mammal,0.0,0.0,0.0,0.0,0.0,-2000.0,1000.0,,,,,furtoon,,1.0,1.0,1.0,1.0,1.0,1.0,0.2,0.0,1.0,0.0,3.0,1.0,3.0,2.0,1.0,1.0,5.0,3.0,2.0,4.0,1.0,340-377,0,-0.6457317871711594,-1.0423230868672393,,gog exotic,340,377,zebra,marmoset,https://s3.amazonaws.com/ganimals/data/340-377-t0.05-n20.jpg,1,1,0,https://s3.amazonaws.com/ganimals/data/340-377-t0.05-n20.jpg,1,1
180,76880,76880,345-394,ox,sturgeon,mammal,fish,0.0,0.0,0.0,0.0,0.0,1000.0,1000.0,,,,,,,0.0,0.0,0.0,0.0,0.0,0.0,0.0,0.5,1.0,0.3333333333333333,1.0,3.0,3.0,1.0,2.0,3.0,2.0,4.0,4.0,6.0,433.0,345-394,0,0.4228696290126916,0.16076392999489914,,,345,394,ox,sturgeon,https://s3.amazonaws.com/ganimals/data/345-394-t0.05-n20.jpg,0,1,0,https://s3.amazonaws.com/ganimals/data/345-394-t0.05-n20.jpg,1,0
181,77071,77071,349-387,bighorn,lesser panda,mammal,mammal,0.0,0.0,0.0,0.0,0.0,0.0,1000.0,,,,,boornito ,,1.0,0.0,0.6666666666666666,1.0,0.5,0.25,1.0,0.0,1.0,0.0,2.0,1.0,3.0,2.0,2.0,4.0,2.0,1.0,3.0,3.0,81.0,349-387,0,-0.9466770757580162,-0.814630882825654,,boornito ,349,387,"bighorn, bighorn sheep, cimarron, Rocky Mountain bighorn, Rocky Mountain sheep, Ovis canadensis","lesser panda, red panda, panda, bear cat, cat bear, Ailurus fulgens",https://s3.amazonaws.com/ganimals/data/349-387-t0.05-n20.jpg,1,0,0,https://s3.amazonaws.com/ganimals/data/349-387-t0.05-n20.jpg,1,0
182,77260,77260,353-394,gazelle,sturgeon,mammal,fish,0.0,0.0,0.0,0.0,0.0,0.0,1000.0,,,,,,,0.0,0.0,0.0,0.0,0.5,0.0,0.0,0.0,0.6666666666666666,0.0,7.0,4.0,2.0,4.0,4.0,1.0,1.0,3.0,3.0,4.0,433.0,353-394,0,0.6471546277656538,0.0677718054356982,,,353,394,gazelle,sturgeon,https://s3.amazonaws.com/ganimals/data/353-394-t0.05-n20.jpg,0,1,0,https://s3.amazonaws.com/ganimals/data/353-394-t0.05-n20.jpg,1,0
183,77393,77393,357-361,mink,skunk,mammal,mammal,0.0,0.0,0.0,0.0,0.0,0.0,1000.0,,,,,,,0.0,0.0,1.0,0.0,0.0,0.0,0.0,0.0,0.2,0.0,1.0,2.0,2.0,3.0,1.0,2.0,1.0,4.0,5.0,3.0,7.0,357-361,0,0.4411984032083809,-0.00020550706651047853,,,357,361,mink,"skunk, polecat, wood pussy",https://s3.amazonaws.com/ganimals/data/357-361-t0.05-n20.jpg,0,0,0,https://s3.amazonaws.com/ganimals/data/357-361-t0.05-n20.jpg,1,0
184,77543,77543,360-397,otter,puffer,mammal,fish,0.0,0.0,0.0,0.0,0.0,0.0,0.0,,,,,,,0.0,0.0,1.0,0.1111111111111111,0.0,0.0,0.0,0.0,0.0,0.3333333333333333,6.0,2.0,1.0,9.0,4.0,2.0,3.0,1.0,1.0,6.0,10.0,360-397,0,0.4684691950911651,0.08939089638421925,,,360,397,otter,"puffer, pufferfish, blowfish, globefish",https://s3.amazonaws.com/ganimals/data/360-397-t0.05-n20.jpg,0,1,0,https://s3.amazonaws.com/ganimals/data/360-397-t0.05-n20.jpg,1,0
185,78015,78015,377-393,marmoset,anemone fish,mammal,fish,0.0,0.0,0.0,0.0,0.0,0.0,1000.0,,,,,,,0.0,0.0,0.0,0.5,0.0,0.5,0.5,0.0,0.0,0.6666666666666666,1.0,2.0,3.0,4.0,2.0,2.0,2.0,1.0,2.0,3.0,5.0,377-393,0,0.11609330287124647,0.48084732150368914,,,377,393,marmoset,anemone fish,https://s3.amazonaws.com/ganimals/data/377-393-t0.05-n20.jpg,0,0,0,https://s3.amazonaws.com/ganimals/data/377-393-t0.05-n20.jpg,1,0
